[debug] [2026-01-22T17:03:55.916Z] ----------------------------------------------------------------------
[debug] [2026-01-22T17:03:55.918Z] Command:       C:\Program Files\nodejs\node.exe C:\Users\JoshuaGamingTV\AppData\Roaming\npm\node_modules\firebase-tools\lib\bin\firebase.js deploy --only functions
[debug] [2026-01-22T17:03:55.919Z] CLI Version:   14.27.0
[debug] [2026-01-22T17:03:55.919Z] Platform:      win32
[debug] [2026-01-22T17:03:55.919Z] Node Version:  v22.17.1
[debug] [2026-01-22T17:03:55.919Z] Time:          Thu Jan 22 2026 12:03:55 GMT-0500 (hora estándar de Colombia)
[debug] [2026-01-22T17:03:55.919Z] ----------------------------------------------------------------------
[debug] 
[debug] [2026-01-22T17:03:56.059Z] > command requires scopes: ["email","openid","https://www.googleapis.com/auth/cloudplatformprojects.readonly","https://www.googleapis.com/auth/firebase","https://www.googleapis.com/auth/cloud-platform"]
[debug] [2026-01-22T17:03:56.060Z] > authorizing via signed-in user (taxisabanapp@gmail.com)
[debug] [2026-01-22T17:03:56.060Z] [iam] checking project taxisabanapp-717ca for permissions ["cloudfunctions.functions.create","cloudfunctions.functions.delete","cloudfunctions.functions.get","cloudfunctions.functions.list","cloudfunctions.functions.update","cloudfunctions.operations.get","firebase.projects.get"]
[debug] [2026-01-22T17:03:56.061Z] Checked if tokens are valid: true, expires at: 1769102928865
[debug] [2026-01-22T17:03:56.061Z] Checked if tokens are valid: true, expires at: 1769102928865
[debug] [2026-01-22T17:03:56.061Z] >>> [apiv2][query] POST https://cloudresourcemanager.googleapis.com/v1/projects/taxisabanapp-717ca:testIamPermissions [none]
[debug] [2026-01-22T17:03:56.061Z] >>> [apiv2][(partial)header] POST https://cloudresourcemanager.googleapis.com/v1/projects/taxisabanapp-717ca:testIamPermissions x-goog-quota-user=projects/taxisabanapp-717ca
[debug] [2026-01-22T17:03:56.062Z] >>> [apiv2][body] POST https://cloudresourcemanager.googleapis.com/v1/projects/taxisabanapp-717ca:testIamPermissions {"permissions":["cloudfunctions.functions.create","cloudfunctions.functions.delete","cloudfunctions.functions.get","cloudfunctions.functions.list","cloudfunctions.functions.update","cloudfunctions.operations.get","firebase.projects.get"]}
[debug] [2026-01-22T17:03:56.778Z] <<< [apiv2][status] POST https://cloudresourcemanager.googleapis.com/v1/projects/taxisabanapp-717ca:testIamPermissions 200
[debug] [2026-01-22T17:03:56.778Z] <<< [apiv2][body] POST https://cloudresourcemanager.googleapis.com/v1/projects/taxisabanapp-717ca:testIamPermissions {"permissions":["cloudfunctions.functions.create","cloudfunctions.functions.delete","cloudfunctions.functions.get","cloudfunctions.functions.list","cloudfunctions.functions.update","cloudfunctions.operations.get","firebase.projects.get"]}
[debug] [2026-01-22T17:03:56.778Z] Checked if tokens are valid: true, expires at: 1769102928865
[debug] [2026-01-22T17:03:56.778Z] Checked if tokens are valid: true, expires at: 1769102928865
[debug] [2026-01-22T17:03:56.778Z] >>> [apiv2][query] POST https://iam.googleapis.com/v1/projects/taxisabanapp-717ca/serviceAccounts/taxisabanapp-717ca@appspot.gserviceaccount.com:testIamPermissions [none]
[debug] [2026-01-22T17:03:56.778Z] >>> [apiv2][body] POST https://iam.googleapis.com/v1/projects/taxisabanapp-717ca/serviceAccounts/taxisabanapp-717ca@appspot.gserviceaccount.com:testIamPermissions {"permissions":["iam.serviceAccounts.actAs"]}
[debug] [2026-01-22T17:03:57.390Z] <<< [apiv2][status] POST https://iam.googleapis.com/v1/projects/taxisabanapp-717ca/serviceAccounts/taxisabanapp-717ca@appspot.gserviceaccount.com:testIamPermissions 200
[debug] [2026-01-22T17:03:57.390Z] <<< [apiv2][body] POST https://iam.googleapis.com/v1/projects/taxisabanapp-717ca/serviceAccounts/taxisabanapp-717ca@appspot.gserviceaccount.com:testIamPermissions {"permissions":["iam.serviceAccounts.actAs"]}
[info] 
[info] === Deploying to 'taxisabanapp-717ca'...
[info] 
[info] i  deploying functions 
[info] Running command: npm --prefix "$RESOURCE_DIR" run lint
[info] +  functions: Finished running predeploy script. 
[debug] [2026-01-22T17:03:57.786Z] Checked if tokens are valid: true, expires at: 1769102928865
[debug] [2026-01-22T17:03:57.786Z] Checked if tokens are valid: true, expires at: 1769102928865
[debug] [2026-01-22T17:03:57.786Z] >>> [apiv2][query] GET https://cloudresourcemanager.googleapis.com/v1/projects/taxisabanapp-717ca [none]
[debug] [2026-01-22T17:03:57.945Z] <<< [apiv2][status] GET https://cloudresourcemanager.googleapis.com/v1/projects/taxisabanapp-717ca 200
[debug] [2026-01-22T17:03:57.945Z] <<< [apiv2][body] GET https://cloudresourcemanager.googleapis.com/v1/projects/taxisabanapp-717ca {"projectNumber":"636533343786","projectId":"taxisabanapp-717ca","lifecycleState":"ACTIVE","name":"taxisabanapp","labels":{"firebase":"enabled","firebase-core":"disabled"},"createTime":"2025-12-07T22:06:52.458153Z"}
[info] i  functions: preparing codebase default for deployment 
[info] i  functions: ensuring required API cloudfunctions.googleapis.com is enabled... 
[info] i  functions: ensuring required API cloudbuild.googleapis.com is enabled... 
[info] i  artifactregistry: ensuring required API artifactregistry.googleapis.com is enabled... 
[debug] [2026-01-22T17:03:57.947Z] Checked if tokens are valid: true, expires at: 1769102928865
[debug] [2026-01-22T17:03:57.947Z] Checked if tokens are valid: true, expires at: 1769102928865
[debug] [2026-01-22T17:03:57.948Z] >>> [apiv2][query] GET https://firebase.googleapis.com/v1beta1/projects/taxisabanapp-717ca/adminSdkConfig [none]
[debug] [2026-01-22T17:03:58.576Z] <<< [apiv2][status] GET https://firebase.googleapis.com/v1beta1/projects/taxisabanapp-717ca/adminSdkConfig 200
[debug] [2026-01-22T17:03:58.576Z] <<< [apiv2][body] GET https://firebase.googleapis.com/v1beta1/projects/taxisabanapp-717ca/adminSdkConfig {"projectId":"taxisabanapp-717ca","databaseURL":"https://taxisabanapp-717ca-default-rtdb.firebaseio.com","storageBucket":"taxisabanapp-717ca.firebasestorage.app"}
[debug] [2026-01-22T17:03:58.577Z] Validating nodejs source
[warn] !  functions: package.json indicates an outdated version of firebase-functions. Please upgrade using npm install --save firebase-functions@latest in your functions directory. 
[debug] [2026-01-22T17:03:59.545Z] > [functions] package.json contents: {
  "name": "functions",
  "description": "Cloud Functions for Firebase",
  "main": "index.js",
  "engines": {
    "node": "20"
  },
  "scripts": {
    "lint": "echo \"Lint skipped\"",
    "serve": "firebase emulators:start --only functions",
    "shell": "firebase functions:shell",
    "start": "npm run shell",
    "deploy": "firebase deploy --only functions",
    "logs": "firebase functions:log"
  },
  "dependencies": {
    "firebase-admin": "^13.6.0",
    "firebase-functions": "^7.0.1"
  },
  "private": true
}
[debug] [2026-01-22T17:03:59.546Z] Building nodejs source
[info] i  functions: Loading and analyzing source code for codebase default to determine what to deploy 
[debug] [2026-01-22T17:03:59.546Z] Could not find functions.yaml. Must use http discovery
[debug] [2026-01-22T17:03:59.557Z] Found firebase-functions binary at 'E:\copia de seguridad\taxi_sabana\functions\node_modules\.bin\firebase-functions'
[info] Serving at port 8180

[debug] [2026-01-22T17:04:00.120Z] Got response from /__/functions.yaml {"endpoints":{"snapToRoads":{"availableMemoryMb":null,"timeoutSeconds":60,"minInstances":null,"maxInstances":null,"ingressSettings":null,"concurrency":null,"serviceAccountEmail":null,"vpc":null,"platform":"gcfv2","region":["us-central1"],"secretEnvironmentVariables":[{"key":"GEOCODING_KEY"}],"labels":{},"callableTrigger":{},"entryPoint":"snapToRoads"},"resolveBarrioOnCreate":{"availableMemoryMb":null,"timeoutSeconds":60,"minInstances":null,"maxInstances":null,"ingressSettings":null,"concurrency":null,"serviceAccountEmail":null,"vpc":null,"platform":"gcfv2","region":["us-central1"],"secretEnvironmentVariables":[{"key":"GEOCODING_KEY"}],"labels":{},"eventTrigger":{"eventType":"google.cloud.firestore.document.v1.created","eventFilters":{"database":"(default)","namespace":"(default)"},"eventFilterPathPatterns":{"document":"viajes/{viajeId}"},"retry":false},"entryPoint":"resolveBarrioOnCreate"},"notifyNearbyDrivers":{"availableMemoryMb":null,"timeoutSeconds":60,"minInstances":null,"maxInstances":null,"ingressSettings":null,"concurrency":null,"serviceAccountEmail":null,"vpc":null,"platform":"gcfv2","region":["us-central1"],"secretEnvironmentVariables":[{"key":"GEOCODING_KEY"}],"labels":{},"callableTrigger":{},"entryPoint":"notifyNearbyDrivers"},"initUserCredits":{"availableMemoryMb":null,"timeoutSeconds":60,"minInstances":null,"maxInstances":null,"ingressSettings":null,"concurrency":null,"serviceAccountEmail":null,"vpc":null,"platform":"gcfv2","region":["us-central1"],"labels":{},"eventTrigger":{"eventType":"google.cloud.firestore.document.v1.written","eventFilters":{"database":"(default)","namespace":"(default)"},"eventFilterPathPatterns":{"document":"users/{uid}"},"retry":false},"entryPoint":"initUserCredits"},"redeemReferral":{"availableMemoryMb":null,"timeoutSeconds":60,"minInstances":null,"maxInstances":null,"ingressSettings":null,"concurrency":null,"serviceAccountEmail":null,"vpc":null,"platform":"gcfv2","region":["us-central1"],"secretEnvironmentVariables":[],"labels":{},"callableTrigger":{},"entryPoint":"redeemReferral"},"rewardReferrerOnTripCompletion":{"availableMemoryMb":null,"timeoutSeconds":60,"minInstances":null,"maxInstances":null,"ingressSettings":null,"concurrency":null,"serviceAccountEmail":null,"vpc":null,"platform":"gcfv2","region":["us-central1"],"labels":{},"eventTrigger":{"eventType":"google.cloud.firestore.document.v1.written","eventFilters":{"database":"(default)","namespace":"(default)"},"eventFilterPathPatterns":{"document":"viajes/{viajeId}"},"retry":false},"entryPoint":"rewardReferrerOnTripCompletion"},"onEmergencyCreate":{"availableMemoryMb":null,"timeoutSeconds":60,"minInstances":null,"maxInstances":null,"ingressSettings":null,"concurrency":null,"serviceAccountEmail":null,"vpc":null,"platform":"gcfv2","region":["us-central1"],"labels":{},"eventTrigger":{"eventType":"google.cloud.firestore.document.v1.created","eventFilters":{"database":"(default)","namespace":"(default)"},"eventFilterPathPatterns":{"document":"emergencias/{id}"},"retry":false},"entryPoint":"onEmergencyCreate"},"chargeCreditsOnTripAccept":{"availableMemoryMb":null,"timeoutSeconds":60,"minInstances":null,"maxInstances":null,"ingressSettings":null,"concurrency":null,"serviceAccountEmail":null,"vpc":null,"platform":"gcfv2","region":["us-central1"],"labels":{},"eventTrigger":{"eventType":"google.cloud.firestore.document.v1.written","eventFilters":{"database":"(default)","namespace":"(default)"},"eventFilterPathPatterns":{"document":"viajes/{viajeId}"},"retry":false},"entryPoint":"chargeCreditsOnTripAccept"},"resetUserPassword":{"availableMemoryMb":null,"timeoutSeconds":60,"minInstances":null,"maxInstances":null,"ingressSettings":null,"concurrency":null,"serviceAccountEmail":null,"vpc":null,"platform":"gcfv2","region":["us-central1"],"secretEnvironmentVariables":[],"labels":{},"callableTrigger":{},"entryPoint":"resetUserPassword"},"checkApiUsageAlert":{"availableMemoryMb":null,"timeoutSeconds":60,"minInstances":null,"maxInstances":null,"ingressSettings":null,"concurrency":null,"serviceAccountEmail":null,"vpc":null,"platform":"gcfv2","region":["us-central1"],"labels":{},"scheduleTrigger":{"schedule":"every 60 minutes","retryConfig":{"retryCount":null,"maxDoublings":null,"maxRetrySeconds":null,"minBackoffSeconds":null,"maxBackoffSeconds":null},"timeZone":null},"entryPoint":"checkApiUsageAlert"}},"specVersion":"v1alpha1","requiredAPIs":[{"api":"cloudscheduler.googleapis.com","reason":"Needed for scheduled functions."}],"extensions":{},"params":[{"type":"secret","name":"GEOCODING_KEY"},{"type":"secret","name":"WOMPI_PUBLIC_KEY"},{"type":"secret","name":"WOMPI_INTEGRITY_SECRET"},{"type":"secret","name":"WOMPI_EVENTS_SECRET"}]}
[info] i  extensions: ensuring required API firebaseextensions.googleapis.com is enabled... 
[debug] [2026-01-22T17:04:04.158Z] > command requires scopes: ["email","openid","https://www.googleapis.com/auth/cloudplatformprojects.readonly","https://www.googleapis.com/auth/firebase","https://www.googleapis.com/auth/cloud-platform"]
[debug] [2026-01-22T17:04:04.158Z] > authorizing via signed-in user (taxisabanapp@gmail.com)
[debug] [2026-01-22T17:04:04.158Z] [iam] checking project taxisabanapp-717ca for permissions ["firebase.projects.get","firebaseextensions.instances.list"]
[debug] [2026-01-22T17:04:04.158Z] Checked if tokens are valid: true, expires at: 1769102928865
[debug] [2026-01-22T17:04:04.158Z] Checked if tokens are valid: true, expires at: 1769102928865
[debug] [2026-01-22T17:04:04.158Z] >>> [apiv2][query] POST https://cloudresourcemanager.googleapis.com/v1/projects/taxisabanapp-717ca:testIamPermissions [none]
[debug] [2026-01-22T17:04:04.158Z] >>> [apiv2][(partial)header] POST https://cloudresourcemanager.googleapis.com/v1/projects/taxisabanapp-717ca:testIamPermissions x-goog-quota-user=projects/taxisabanapp-717ca
[debug] [2026-01-22T17:04:04.158Z] >>> [apiv2][body] POST https://cloudresourcemanager.googleapis.com/v1/projects/taxisabanapp-717ca:testIamPermissions {"permissions":["firebase.projects.get","firebaseextensions.instances.list"]}
[debug] [2026-01-22T17:04:04.667Z] <<< [apiv2][status] POST https://cloudresourcemanager.googleapis.com/v1/projects/taxisabanapp-717ca:testIamPermissions 200
[debug] [2026-01-22T17:04:04.667Z] <<< [apiv2][body] POST https://cloudresourcemanager.googleapis.com/v1/projects/taxisabanapp-717ca:testIamPermissions {"permissions":["firebase.projects.get","firebaseextensions.instances.list"]}
[debug] [2026-01-22T17:04:04.667Z] Checked if tokens are valid: true, expires at: 1769102928865
[debug] [2026-01-22T17:04:04.667Z] Checked if tokens are valid: true, expires at: 1769102928865
[debug] [2026-01-22T17:04:04.668Z] >>> [apiv2][query] GET https://firebaseextensions.googleapis.com/v1beta/projects/taxisabanapp-717ca/instances pageSize=100&pageToken=
[debug] [2026-01-22T17:04:05.520Z] <<< [apiv2][status] GET https://firebaseextensions.googleapis.com/v1beta/projects/taxisabanapp-717ca/instances 200
[debug] [2026-01-22T17:04:05.520Z] <<< [apiv2][body] GET https://firebaseextensions.googleapis.com/v1beta/projects/taxisabanapp-717ca/instances {}
[debug] [2026-01-22T17:04:05.521Z] Checked if tokens are valid: true, expires at: 1769102928865
[debug] [2026-01-22T17:04:05.521Z] Checked if tokens are valid: true, expires at: 1769102928865
[debug] [2026-01-22T17:04:05.521Z] >>> [apiv2][query] GET https://secretmanager.googleapis.com/v1/projects/taxisabanapp-717ca/secrets/GEOCODING_KEY [none]
[debug] [2026-01-22T17:04:06.151Z] <<< [apiv2][status] GET https://secretmanager.googleapis.com/v1/projects/taxisabanapp-717ca/secrets/GEOCODING_KEY 200
[debug] [2026-01-22T17:04:06.151Z] <<< [apiv2][body] GET https://secretmanager.googleapis.com/v1/projects/taxisabanapp-717ca/secrets/GEOCODING_KEY {"name":"projects/636533343786/secrets/GEOCODING_KEY","replication":{"automatic":{}},"createTime":"2025-12-13T03:48:22.422658Z","labels":{"firebase-managed":"functions"},"etag":"\"1645cd3fe22680\""}
[debug] [2026-01-22T17:04:06.151Z] Checked if tokens are valid: true, expires at: 1769102928865
[debug] [2026-01-22T17:04:06.151Z] Checked if tokens are valid: true, expires at: 1769102928865
[debug] [2026-01-22T17:04:06.151Z] >>> [apiv2][query] GET https://secretmanager.googleapis.com/v1/projects/taxisabanapp-717ca/secrets/GEOCODING_KEY/versions/latest [none]
[debug] [2026-01-22T17:04:06.331Z] <<< [apiv2][status] GET https://secretmanager.googleapis.com/v1/projects/taxisabanapp-717ca/secrets/GEOCODING_KEY/versions/latest 200
[debug] [2026-01-22T17:04:06.331Z] <<< [apiv2][body] GET https://secretmanager.googleapis.com/v1/projects/taxisabanapp-717ca/secrets/GEOCODING_KEY/versions/latest {"name":"projects/636533343786/secrets/GEOCODING_KEY/versions/4","createTime":"2025-12-16T17:08:36.482798Z","state":"ENABLED","replicationStatus":{"automatic":{}},"etag":"\"164614c7410aee\""}
[debug] [2026-01-22T17:04:06.331Z] Checked if tokens are valid: true, expires at: 1769102928865
[debug] [2026-01-22T17:04:06.331Z] Checked if tokens are valid: true, expires at: 1769102928865
[debug] [2026-01-22T17:04:06.331Z] >>> [apiv2][query] GET https://secretmanager.googleapis.com/v1/projects/taxisabanapp-717ca/secrets/WOMPI_PUBLIC_KEY [none]
[debug] [2026-01-22T17:04:06.633Z] <<< [apiv2][status] GET https://secretmanager.googleapis.com/v1/projects/taxisabanapp-717ca/secrets/WOMPI_PUBLIC_KEY 200
[debug] [2026-01-22T17:04:06.634Z] <<< [apiv2][body] GET https://secretmanager.googleapis.com/v1/projects/taxisabanapp-717ca/secrets/WOMPI_PUBLIC_KEY {"name":"projects/636533343786/secrets/WOMPI_PUBLIC_KEY","replication":{"automatic":{}},"createTime":"2025-12-19T02:26:06.922158Z","labels":{"firebase-managed":"functions"},"etag":"\"164644ccbf8599\""}
[debug] [2026-01-22T17:04:06.634Z] Checked if tokens are valid: true, expires at: 1769102928865
[debug] [2026-01-22T17:04:06.634Z] Checked if tokens are valid: true, expires at: 1769102928865
[debug] [2026-01-22T17:04:06.634Z] >>> [apiv2][query] GET https://secretmanager.googleapis.com/v1/projects/taxisabanapp-717ca/secrets/WOMPI_PUBLIC_KEY/versions/latest [none]
[debug] [2026-01-22T17:04:06.810Z] <<< [apiv2][status] GET https://secretmanager.googleapis.com/v1/projects/taxisabanapp-717ca/secrets/WOMPI_PUBLIC_KEY/versions/latest 200
[debug] [2026-01-22T17:04:06.810Z] <<< [apiv2][body] GET https://secretmanager.googleapis.com/v1/projects/taxisabanapp-717ca/secrets/WOMPI_PUBLIC_KEY/versions/latest {"name":"projects/636533343786/secrets/WOMPI_PUBLIC_KEY/versions/2","createTime":"2025-12-19T19:33:21.816905Z","state":"ENABLED","replicationStatus":{"automatic":{}},"etag":"\"1646532676d949\""}
[debug] [2026-01-22T17:04:06.811Z] Checked if tokens are valid: true, expires at: 1769102928865
[debug] [2026-01-22T17:04:06.811Z] Checked if tokens are valid: true, expires at: 1769102928865
[debug] [2026-01-22T17:04:06.811Z] >>> [apiv2][query] GET https://secretmanager.googleapis.com/v1/projects/taxisabanapp-717ca/secrets/WOMPI_INTEGRITY_SECRET [none]
[debug] [2026-01-22T17:04:07.061Z] <<< [apiv2][status] GET https://secretmanager.googleapis.com/v1/projects/taxisabanapp-717ca/secrets/WOMPI_INTEGRITY_SECRET 200
[debug] [2026-01-22T17:04:07.061Z] <<< [apiv2][body] GET https://secretmanager.googleapis.com/v1/projects/taxisabanapp-717ca/secrets/WOMPI_INTEGRITY_SECRET {"name":"projects/636533343786/secrets/WOMPI_INTEGRITY_SECRET","replication":{"automatic":{}},"createTime":"2025-12-19T03:37:30.733719Z","labels":{"firebase-managed":"functions"},"etag":"\"164645cc18358b\""}
[debug] [2026-01-22T17:04:07.061Z] Checked if tokens are valid: true, expires at: 1769102928865
[debug] [2026-01-22T17:04:07.062Z] Checked if tokens are valid: true, expires at: 1769102928865
[debug] [2026-01-22T17:04:07.062Z] >>> [apiv2][query] GET https://secretmanager.googleapis.com/v1/projects/taxisabanapp-717ca/secrets/WOMPI_INTEGRITY_SECRET/versions/latest [none]
[debug] [2026-01-22T17:04:07.288Z] <<< [apiv2][status] GET https://secretmanager.googleapis.com/v1/projects/taxisabanapp-717ca/secrets/WOMPI_INTEGRITY_SECRET/versions/latest 200
[debug] [2026-01-22T17:04:07.288Z] <<< [apiv2][body] GET https://secretmanager.googleapis.com/v1/projects/taxisabanapp-717ca/secrets/WOMPI_INTEGRITY_SECRET/versions/latest {"name":"projects/636533343786/secrets/WOMPI_INTEGRITY_SECRET/versions/2","createTime":"2025-12-19T19:36:59.248632Z","state":"ENABLED","replicationStatus":{"automatic":{}},"etag":"\"164653336c97f8\""}
[debug] [2026-01-22T17:04:07.288Z] Checked if tokens are valid: true, expires at: 1769102928865
[debug] [2026-01-22T17:04:07.288Z] Checked if tokens are valid: true, expires at: 1769102928865
[debug] [2026-01-22T17:04:07.288Z] >>> [apiv2][query] GET https://secretmanager.googleapis.com/v1/projects/taxisabanapp-717ca/secrets/WOMPI_EVENTS_SECRET [none]
[debug] [2026-01-22T17:04:07.453Z] <<< [apiv2][status] GET https://secretmanager.googleapis.com/v1/projects/taxisabanapp-717ca/secrets/WOMPI_EVENTS_SECRET 200
[debug] [2026-01-22T17:04:07.453Z] <<< [apiv2][body] GET https://secretmanager.googleapis.com/v1/projects/taxisabanapp-717ca/secrets/WOMPI_EVENTS_SECRET {"name":"projects/636533343786/secrets/WOMPI_EVENTS_SECRET","replication":{"automatic":{}},"createTime":"2025-12-19T18:53:24.980306Z","labels":{"firebase-managed":"functions"},"etag":"\"164652979dae4c\""}
[debug] [2026-01-22T17:04:07.453Z] Checked if tokens are valid: true, expires at: 1769102928865
[debug] [2026-01-22T17:04:07.453Z] Checked if tokens are valid: true, expires at: 1769102928865
[debug] [2026-01-22T17:04:07.453Z] >>> [apiv2][query] GET https://secretmanager.googleapis.com/v1/projects/taxisabanapp-717ca/secrets/WOMPI_EVENTS_SECRET/versions/latest [none]
[debug] [2026-01-22T17:04:07.725Z] <<< [apiv2][status] GET https://secretmanager.googleapis.com/v1/projects/taxisabanapp-717ca/secrets/WOMPI_EVENTS_SECRET/versions/latest 200
[debug] [2026-01-22T17:04:07.725Z] <<< [apiv2][body] GET https://secretmanager.googleapis.com/v1/projects/taxisabanapp-717ca/secrets/WOMPI_EVENTS_SECRET/versions/latest {"name":"projects/636533343786/secrets/WOMPI_EVENTS_SECRET/versions/2","createTime":"2025-12-19T19:39:04.524642Z","state":"ENABLED","replicationStatus":{"automatic":{}},"etag":"\"1646533ae42762\""}
[info] i  functions: preparing functions directory for uploading... 
[info] i  functions: packaged E:\copia de seguridad\taxi_sabana\functions (42.67 KB) for uploading 
[debug] [2026-01-22T17:04:07.749Z] Checked if tokens are valid: true, expires at: 1769102928865
[debug] [2026-01-22T17:04:07.749Z] Checked if tokens are valid: true, expires at: 1769102928865
[debug] [2026-01-22T17:04:07.749Z] >>> [apiv2][query] GET https://cloudfunctions.googleapis.com/v1/projects/taxisabanapp-717ca/locations/-/functions [none]
[debug] [2026-01-22T17:04:08.637Z] <<< [apiv2][status] GET https://cloudfunctions.googleapis.com/v1/projects/taxisabanapp-717ca/locations/-/functions 200
[debug] [2026-01-22T17:04:08.637Z] <<< [apiv2][body] GET https://cloudfunctions.googleapis.com/v1/projects/taxisabanapp-717ca/locations/-/functions {}
[debug] [2026-01-22T17:04:08.637Z] Checked if tokens are valid: true, expires at: 1769102928865
[debug] [2026-01-22T17:04:08.637Z] Checked if tokens are valid: true, expires at: 1769102928865
[debug] [2026-01-22T17:04:08.637Z] >>> [apiv2][query] GET https://cloudfunctions.googleapis.com/v2/projects/taxisabanapp-717ca/locations/-/functions filter=environment%3D%22GEN_2%22
[debug] [2026-01-22T17:04:09.148Z] <<< [apiv2][status] GET https://cloudfunctions.googleapis.com/v2/projects/taxisabanapp-717ca/locations/-/functions 200
[debug] [2026-01-22T17:04:09.148Z] <<< [apiv2][body] GET https://cloudfunctions.googleapis.com/v2/projects/taxisabanapp-717ca/locations/-/functions {"functions":[{"name":"projects/taxisabanapp-717ca/locations/us-central1/functions/snapToRoads","buildConfig":{"build":"projects/636533343786/locations/us-central1/builds/63f4b3a5-19b2-4f5b-9079-3e25c4772a54","runtime":"nodejs20","entryPoint":"snapToRoads","source":{"storageSource":{"bucket":"gcf-v2-sources-636533343786-us-central1","object":"snapToRoads/function-source.zip","generation":"1768304828472844"}},"environmentVariables":{"GOOGLE_NODE_RUN_SCRIPTS":""},"dockerRepository":"projects/taxisabanapp-717ca/locations/us-central1/repositories/gcf-artifacts","sourceProvenance":{"resolvedStorageSource":{"bucket":"gcf-v2-sources-636533343786-us-central1","object":"snapToRoads/function-source.zip","generation":"1768304828472844"}},"dockerRegistry":"ARTIFACT_REGISTRY","serviceAccount":"projects/taxisabanapp-717ca/serviceAccounts/636533343786-compute@developer.gserviceaccount.com","automaticUpdatePolicy":{}},"serviceConfig":{"service":"projects/taxisabanapp-717ca/locations/us-central1/services/snaptoroads","timeoutSeconds":60,"environmentVariables":{"FIREBASE_CONFIG":"{\"projectId\":\"taxisabanapp-717ca\",\"databaseURL\":\"https://taxisabanapp-717ca-default-rtdb.firebaseio.com\",\"storageBucket\":\"taxisabanapp-717ca.firebasestorage.app\"}","GCLOUD_PROJECT":"taxisabanapp-717ca","EVENTARC_CLOUD_EVENT_SOURCE":"projects/taxisabanapp-717ca/locations/us-central1/services/snapToRoads","FUNCTION_TARGET":"snapToRoads","LOG_EXECUTION_ID":"true","FUNCTION_SIGNATURE_TYPE":"http"},"maxInstanceCount":3,"ingressSettings":"ALLOW_ALL","uri":"https://snaptoroads-5pflrowbyq-uc.a.run.app","serviceAccountEmail":"636533343786-compute@developer.gserviceaccount.com","availableMemory":"256Mi","allTrafficOnLatestRevision":true,"secretEnvironmentVariables":[{"key":"GEOCODING_KEY","projectId":"taxisabanapp-717ca","secret":"GEOCODING_KEY","version":"4"}],"revision":"snaptoroads-00014-puw","maxInstanceRequestConcurrency":80,"availableCpu":"1"},"state":"ACTIVE","updateTime":"2026-01-13T11:47:18.360058801Z","labels":{"firebase-functions-hash":"d2f86eeb8ead6ecee1acac817e1a93b59773429d","deployment-tool":"cli-firebase","deployment-callable":"true"},"environment":"GEN_2","url":"https://us-central1-taxisabanapp-717ca.cloudfunctions.net/snapToRoads","createTime":"2025-12-16T17:11:03.587360552Z","satisfiesPzi":true},{"name":"projects/taxisabanapp-717ca/locations/us-central1/functions/notifyNearbyDriversV2","buildConfig":{"build":"projects/636533343786/locations/us-central1/builds/63f4b3a5-19b2-4f5b-9079-3e25c4772a54","runtime":"nodejs20","entryPoint":"notifyNearbyDriversV2","source":{"storageSource":{"bucket":"gcf-v2-sources-636533343786-us-central1","object":"notifyNearbyDriversV2/function-source.zip","generation":"1768304828462629"}},"environmentVariables":{"GOOGLE_NODE_RUN_SCRIPTS":""},"dockerRepository":"projects/taxisabanapp-717ca/locations/us-central1/repositories/gcf-artifacts","sourceProvenance":{"resolvedStorageSource":{"bucket":"gcf-v2-sources-636533343786-us-central1","object":"notifyNearbyDriversV2/function-source.zip","generation":"1768304828462629"}},"dockerRegistry":"ARTIFACT_REGISTRY","serviceAccount":"projects/taxisabanapp-717ca/serviceAccounts/636533343786-compute@developer.gserviceaccount.com","automaticUpdatePolicy":{}},"serviceConfig":{"service":"projects/taxisabanapp-717ca/locations/us-central1/services/notifynearbydriversv2","timeoutSeconds":60,"environmentVariables":{"FIREBASE_CONFIG":"{\"projectId\":\"taxisabanapp-717ca\",\"databaseURL\":\"https://taxisabanapp-717ca-default-rtdb.firebaseio.com\",\"storageBucket\":\"taxisabanapp-717ca.firebasestorage.app\"}","GCLOUD_PROJECT":"taxisabanapp-717ca","EVENTARC_CLOUD_EVENT_SOURCE":"projects/taxisabanapp-717ca/locations/us-central1/services/notifyNearbyDriversV2","FUNCTION_TARGET":"notifyNearbyDriversV2","LOG_EXECUTION_ID":"true","FUNCTION_SIGNATURE_TYPE":"http"},"maxInstanceCount":3,"ingressSettings":"ALLOW_ALL","uri":"https://notifynearbydriversv2-5pflrowbyq-uc.a.run.app","serviceAccountEmail":"636533343786-compute@developer.gserviceaccount.com","availableMemory":"256Mi","allTrafficOnLatestRevision":true,"secretEnvironmentVariables":[{"key":"GEOCODING_KEY","projectId":"taxisabanapp-717ca","secret":"GEOCODING_KEY","version":"4"}],"revision":"notifynearbydriversv2-00005-vof","maxInstanceRequestConcurrency":80,"availableCpu":"1"},"state":"ACTIVE","updateTime":"2026-01-13T11:47:18.663030892Z","labels":{"firebase-functions-hash":"d2f86eeb8ead6ecee1acac817e1a93b59773429d","deployment-tool":"cli-firebase","deployment-callable":"true"},"environment":"GEN_2","url":"https://us-central1-taxisabanapp-717ca.cloudfunctions.net/notifyNearbyDriversV2","createTime":"2026-01-10T22:21:26.440304925Z","satisfiesPzi":true},{"name":"projects/taxisabanapp-717ca/locations/us-central1/functions/notifyNearbyDrivers","buildConfig":{"build":"projects/636533343786/locations/us-central1/builds/63f4b3a5-19b2-4f5b-9079-3e25c4772a54","runtime":"nodejs20","entryPoint":"notifyNearbyDrivers","source":{"storageSource":{"bucket":"gcf-v2-sources-636533343786-us-central1","object":"notifyNearbyDrivers/function-source.zip","generation":"1768304828479083"}},"environmentVariables":{"GOOGLE_NODE_RUN_SCRIPTS":""},"dockerRepository":"projects/taxisabanapp-717ca/locations/us-central1/repositories/gcf-artifacts","sourceProvenance":{"resolvedStorageSource":{"bucket":"gcf-v2-sources-636533343786-us-central1","object":"notifyNearbyDrivers/function-source.zip","generation":"1768304828479083"}},"dockerRegistry":"ARTIFACT_REGISTRY","serviceAccount":"projects/taxisabanapp-717ca/serviceAccounts/636533343786-compute@developer.gserviceaccount.com","automaticUpdatePolicy":{}},"serviceConfig":{"service":"projects/taxisabanapp-717ca/locations/us-central1/services/notifynearbydrivers","timeoutSeconds":60,"environmentVariables":{"FIREBASE_CONFIG":"{\"projectId\":\"taxisabanapp-717ca\",\"databaseURL\":\"https://taxisabanapp-717ca-default-rtdb.firebaseio.com\",\"storageBucket\":\"taxisabanapp-717ca.firebasestorage.app\"}","GCLOUD_PROJECT":"taxisabanapp-717ca","EVENTARC_CLOUD_EVENT_SOURCE":"projects/taxisabanapp-717ca/locations/us-central1/services/notifyNearbyDrivers","FUNCTION_TARGET":"notifyNearbyDrivers","LOG_EXECUTION_ID":"true","FUNCTION_SIGNATURE_TYPE":"http"},"maxInstanceCount":3,"ingressSettings":"ALLOW_ALL","uri":"https://notifynearbydrivers-5pflrowbyq-uc.a.run.app","serviceAccountEmail":"636533343786-compute@developer.gserviceaccount.com","availableMemory":"256Mi","allTrafficOnLatestRevision":true,"secretEnvironmentVariables":[{"key":"GEOCODING_KEY","projectId":"taxisabanapp-717ca","secret":"GEOCODING_KEY","version":"4"}],"revision":"notifynearbydrivers-00022-vam","maxInstanceRequestConcurrency":80,"availableCpu":"1"},"state":"ACTIVE","updateTime":"2026-01-13T11:47:19.121924175Z","labels":{"deployment-tool":"cli-firebase","deployment-callable":"true","firebase-functions-hash":"d2f86eeb8ead6ecee1acac817e1a93b59773429d"},"environment":"GEN_2","url":"https://us-central1-taxisabanapp-717ca.cloudfunctions.net/notifyNearbyDrivers","createTime":"2025-12-11T19:45:46.133335260Z","satisfiesPzi":true},{"name":"projects/taxisabanapp-717ca/locations/us-central1/functions/chargeCreditsOnTripAccept","buildConfig":{"build":"projects/636533343786/locations/us-central1/builds/63f4b3a5-19b2-4f5b-9079-3e25c4772a54","runtime":"nodejs20","entryPoint":"chargeCreditsOnTripAccept","source":{"storageSource":{"bucket":"gcf-v2-sources-636533343786-us-central1","object":"chargeCreditsOnTripAccept/function-source.zip","generation":"1768304828765106"}},"environmentVariables":{"GOOGLE_NODE_RUN_SCRIPTS":""},"dockerRepository":"projects/taxisabanapp-717ca/locations/us-central1/repositories/gcf-artifacts","sourceProvenance":{"resolvedStorageSource":{"bucket":"gcf-v2-sources-636533343786-us-central1","object":"chargeCreditsOnTripAccept/function-source.zip","generation":"1768304828765106"}},"dockerRegistry":"ARTIFACT_REGISTRY","serviceAccount":"projects/taxisabanapp-717ca/serviceAccounts/636533343786-compute@developer.gserviceaccount.com","automaticUpdatePolicy":{}},"serviceConfig":{"service":"projects/taxisabanapp-717ca/locations/us-central1/services/chargecreditsontripaccept","timeoutSeconds":60,"environmentVariables":{"FIREBASE_CONFIG":"{\"projectId\":\"taxisabanapp-717ca\",\"databaseURL\":\"https://taxisabanapp-717ca-default-rtdb.firebaseio.com\",\"storageBucket\":\"taxisabanapp-717ca.firebasestorage.app\"}","GCLOUD_PROJECT":"taxisabanapp-717ca","EVENTARC_CLOUD_EVENT_SOURCE":"projects/taxisabanapp-717ca/locations/us-central1/services/chargeCreditsOnTripAccept","FUNCTION_SIGNATURE_TYPE":"cloudevent","FUNCTION_TARGET":"chargeCreditsOnTripAccept","LOG_EXECUTION_ID":"true"},"maxInstanceCount":3,"ingressSettings":"ALLOW_ALL","uri":"https://chargecreditsontripaccept-5pflrowbyq-uc.a.run.app","serviceAccountEmail":"636533343786-compute@developer.gserviceaccount.com","availableMemory":"256Mi","allTrafficOnLatestRevision":true,"revision":"chargecreditsontripaccept-00006-yof","maxInstanceRequestConcurrency":80,"availableCpu":"1"},"eventTrigger":{"trigger":"projects/taxisabanapp-717ca/locations/nam5/triggers/chargecreditsontripaccept-033305","triggerRegion":"nam5","eventType":"google.cloud.firestore.document.v1.written","eventFilters":[{"attribute":"document","value":"viajes/{viajeId}","operator":"match-path-pattern"},{"attribute":"database","value":"(default)"},{"attribute":"namespace","value":"(default)"}],"pubsubTopic":"projects/taxisabanapp-717ca/topics/eventarc-nam5-chargecreditsontripaccept-033305-224","serviceAccountEmail":"636533343786-compute@developer.gserviceaccount.com","retryPolicy":"RETRY_POLICY_DO_NOT_RETRY"},"state":"ACTIVE","updateTime":"2026-01-13T11:47:18.115779988Z","labels":{"deployment-tool":"cli-firebase","firebase-functions-hash":"8cc84572e67f68a6c2cee1458200b6e9fa6805fc"},"environment":"GEN_2","url":"https://us-central1-taxisabanapp-717ca.cloudfunctions.net/chargeCreditsOnTripAccept","createTime":"2025-12-20T17:23:43.213972780Z","satisfiesPzi":true},{"name":"projects/taxisabanapp-717ca/locations/us-central1/functions/resolveBarrioOnCreate","buildConfig":{"build":"projects/636533343786/locations/us-central1/builds/63f4b3a5-19b2-4f5b-9079-3e25c4772a54","runtime":"nodejs20","entryPoint":"resolveBarrioOnCreate","source":{"storageSource":{"bucket":"gcf-v2-sources-636533343786-us-central1","object":"resolveBarrioOnCreate/function-source.zip","generation":"1768304828509859"}},"environmentVariables":{"GOOGLE_NODE_RUN_SCRIPTS":""},"dockerRepository":"projects/taxisabanapp-717ca/locations/us-central1/repositories/gcf-artifacts","sourceProvenance":{"resolvedStorageSource":{"bucket":"gcf-v2-sources-636533343786-us-central1","object":"resolveBarrioOnCreate/function-source.zip","generation":"1768304828509859"}},"dockerRegistry":"ARTIFACT_REGISTRY","serviceAccount":"projects/taxisabanapp-717ca/serviceAccounts/636533343786-compute@developer.gserviceaccount.com","automaticUpdatePolicy":{}},"serviceConfig":{"service":"projects/taxisabanapp-717ca/locations/us-central1/services/resolvebarriooncreate","timeoutSeconds":60,"environmentVariables":{"FIREBASE_CONFIG":"{\"projectId\":\"taxisabanapp-717ca\",\"databaseURL\":\"https://taxisabanapp-717ca-default-rtdb.firebaseio.com\",\"storageBucket\":\"taxisabanapp-717ca.firebasestorage.app\"}","GCLOUD_PROJECT":"taxisabanapp-717ca","EVENTARC_CLOUD_EVENT_SOURCE":"projects/taxisabanapp-717ca/locations/us-central1/services/resolveBarrioOnCreate","FUNCTION_SIGNATURE_TYPE":"cloudevent","FUNCTION_TARGET":"resolveBarrioOnCreate","LOG_EXECUTION_ID":"true"},"maxInstanceCount":3,"ingressSettings":"ALLOW_ALL","uri":"https://resolvebarriooncreate-5pflrowbyq-uc.a.run.app","serviceAccountEmail":"636533343786-compute@developer.gserviceaccount.com","availableMemory":"256Mi","allTrafficOnLatestRevision":true,"secretEnvironmentVariables":[{"key":"GEOCODING_KEY","projectId":"taxisabanapp-717ca","secret":"GEOCODING_KEY","version":"4"}],"revision":"resolvebarriooncreate-00017-buk","maxInstanceRequestConcurrency":80,"availableCpu":"1"},"eventTrigger":{"trigger":"projects/taxisabanapp-717ca/locations/nam5/triggers/resolvebarriooncreate-312187","triggerRegion":"nam5","eventType":"google.cloud.firestore.document.v1.created","eventFilters":[{"attribute":"namespace","value":"(default)"},{"attribute":"document","value":"viajes/{viajeId}","operator":"match-path-pattern"},{"attribute":"database","value":"(default)"}],"pubsubTopic":"projects/taxisabanapp-717ca/topics/eventarc-nam5-resolvebarriooncreate-312187-362","serviceAccountEmail":"636533343786-compute@developer.gserviceaccount.com","retryPolicy":"RETRY_POLICY_DO_NOT_RETRY"},"state":"ACTIVE","updateTime":"2026-01-13T11:47:19.559959706Z","labels":{"deployment-tool":"cli-firebase","firebase-functions-hash":"d2f86eeb8ead6ecee1acac817e1a93b59773429d"},"environment":"GEN_2","url":"https://us-central1-taxisabanapp-717ca.cloudfunctions.net/resolveBarrioOnCreate","createTime":"2025-12-13T14:36:51.942977967Z","satisfiesPzi":true},{"name":"projects/taxisabanapp-717ca/locations/us-central1/functions/redeemReferral","buildConfig":{"build":"projects/636533343786/locations/us-central1/builds/63f4b3a5-19b2-4f5b-9079-3e25c4772a54","runtime":"nodejs20","entryPoint":"redeemReferral","source":{"storageSource":{"bucket":"gcf-v2-sources-636533343786-us-central1","object":"redeemReferral/function-source.zip","generation":"1768304828708243"}},"environmentVariables":{"GOOGLE_NODE_RUN_SCRIPTS":""},"dockerRepository":"projects/taxisabanapp-717ca/locations/us-central1/repositories/gcf-artifacts","sourceProvenance":{"resolvedStorageSource":{"bucket":"gcf-v2-sources-636533343786-us-central1","object":"redeemReferral/function-source.zip","generation":"1768304828708243"}},"dockerRegistry":"ARTIFACT_REGISTRY","serviceAccount":"projects/taxisabanapp-717ca/serviceAccounts/636533343786-compute@developer.gserviceaccount.com","automaticUpdatePolicy":{}},"serviceConfig":{"service":"projects/taxisabanapp-717ca/locations/us-central1/services/redeemreferral","timeoutSeconds":60,"environmentVariables":{"FIREBASE_CONFIG":"{\"projectId\":\"taxisabanapp-717ca\",\"databaseURL\":\"https://taxisabanapp-717ca-default-rtdb.firebaseio.com\",\"storageBucket\":\"taxisabanapp-717ca.firebasestorage.app\"}","GCLOUD_PROJECT":"taxisabanapp-717ca","EVENTARC_CLOUD_EVENT_SOURCE":"projects/taxisabanapp-717ca/locations/us-central1/services/redeemReferral","FUNCTION_TARGET":"redeemReferral","LOG_EXECUTION_ID":"true","FUNCTION_SIGNATURE_TYPE":"http"},"maxInstanceCount":3,"ingressSettings":"ALLOW_ALL","uri":"https://redeemreferral-5pflrowbyq-uc.a.run.app","serviceAccountEmail":"636533343786-compute@developer.gserviceaccount.com","availableMemory":"256Mi","allTrafficOnLatestRevision":true,"revision":"redeemreferral-00004-kag","maxInstanceRequestConcurrency":80,"availableCpu":"1"},"state":"ACTIVE","updateTime":"2026-01-13T11:47:19.551413684Z","labels":{"firebase-functions-hash":"8cc84572e67f68a6c2cee1458200b6e9fa6805fc","deployment-tool":"cli-firebase","deployment-callable":"true"},"environment":"GEN_2","url":"https://us-central1-taxisabanapp-717ca.cloudfunctions.net/redeemReferral","createTime":"2026-01-02T19:44:18.635546388Z","satisfiesPzi":true},{"name":"projects/taxisabanapp-717ca/locations/us-central1/functions/resetUserPassword","buildConfig":{"build":"projects/636533343786/locations/us-central1/builds/63f4b3a5-19b2-4f5b-9079-3e25c4772a54","runtime":"nodejs20","entryPoint":"resetUserPassword","source":{"storageSource":{"bucket":"gcf-v2-sources-636533343786-us-central1","object":"resetUserPassword/function-source.zip","generation":"1768304828473443"}},"environmentVariables":{"GOOGLE_NODE_RUN_SCRIPTS":""},"dockerRepository":"projects/taxisabanapp-717ca/locations/us-central1/repositories/gcf-artifacts","sourceProvenance":{"resolvedStorageSource":{"bucket":"gcf-v2-sources-636533343786-us-central1","object":"resetUserPassword/function-source.zip","generation":"1768304828473443"}},"dockerRegistry":"ARTIFACT_REGISTRY","serviceAccount":"projects/taxisabanapp-717ca/serviceAccounts/636533343786-compute@developer.gserviceaccount.com","automaticUpdatePolicy":{}},"serviceConfig":{"service":"projects/taxisabanapp-717ca/locations/us-central1/services/resetuserpassword","timeoutSeconds":60,"environmentVariables":{"FIREBASE_CONFIG":"{\"projectId\":\"taxisabanapp-717ca\",\"databaseURL\":\"https://taxisabanapp-717ca-default-rtdb.firebaseio.com\",\"storageBucket\":\"taxisabanapp-717ca.firebasestorage.app\"}","GCLOUD_PROJECT":"taxisabanapp-717ca","EVENTARC_CLOUD_EVENT_SOURCE":"projects/taxisabanapp-717ca/locations/us-central1/services/resetUserPassword","FUNCTION_TARGET":"resetUserPassword","LOG_EXECUTION_ID":"true","FUNCTION_SIGNATURE_TYPE":"http"},"maxInstanceCount":3,"ingressSettings":"ALLOW_ALL","uri":"https://resetuserpassword-5pflrowbyq-uc.a.run.app","serviceAccountEmail":"636533343786-compute@developer.gserviceaccount.com","availableMemory":"256Mi","allTrafficOnLatestRevision":true,"revision":"resetuserpassword-00008-fit","maxInstanceRequestConcurrency":80,"availableCpu":"1"},"state":"ACTIVE","updateTime":"2026-01-13T11:47:19.179934455Z","labels":{"deployment-tool":"cli-firebase","deployment-callable":"true","firebase-functions-hash":"8cc84572e67f68a6c2cee1458200b6e9fa6805fc"},"environment":"GEN_2","url":"https://us-central1-taxisabanapp-717ca.cloudfunctions.net/resetUserPassword","createTime":"2025-12-21T15:54:59.041569653Z","satisfiesPzi":true},{"name":"projects/taxisabanapp-717ca/locations/us-central1/functions/onEmergencyCreate","buildConfig":{"build":"projects/636533343786/locations/us-central1/builds/63f4b3a5-19b2-4f5b-9079-3e25c4772a54","runtime":"nodejs20","entryPoint":"onEmergencyCreate","source":{"storageSource":{"bucket":"gcf-v2-sources-636533343786-us-central1","object":"onEmergencyCreate/function-source.zip","generation":"1768304828757253"}},"environmentVariables":{"GOOGLE_NODE_RUN_SCRIPTS":""},"dockerRepository":"projects/taxisabanapp-717ca/locations/us-central1/repositories/gcf-artifacts","sourceProvenance":{"resolvedStorageSource":{"bucket":"gcf-v2-sources-636533343786-us-central1","object":"onEmergencyCreate/function-source.zip","generation":"1768304828757253"}},"dockerRegistry":"ARTIFACT_REGISTRY","serviceAccount":"projects/taxisabanapp-717ca/serviceAccounts/636533343786-compute@developer.gserviceaccount.com","automaticUpdatePolicy":{}},"serviceConfig":{"service":"projects/taxisabanapp-717ca/locations/us-central1/services/onemergencycreate","timeoutSeconds":60,"environmentVariables":{"FIREBASE_CONFIG":"{\"projectId\":\"taxisabanapp-717ca\",\"databaseURL\":\"https://taxisabanapp-717ca-default-rtdb.firebaseio.com\",\"storageBucket\":\"taxisabanapp-717ca.firebasestorage.app\"}","GCLOUD_PROJECT":"taxisabanapp-717ca","EVENTARC_CLOUD_EVENT_SOURCE":"projects/taxisabanapp-717ca/locations/us-central1/services/onEmergencyCreate","FUNCTION_SIGNATURE_TYPE":"cloudevent","FUNCTION_TARGET":"onEmergencyCreate","LOG_EXECUTION_ID":"true"},"maxInstanceCount":3,"ingressSettings":"ALLOW_ALL","uri":"https://onemergencycreate-5pflrowbyq-uc.a.run.app","serviceAccountEmail":"636533343786-compute@developer.gserviceaccount.com","availableMemory":"256Mi","allTrafficOnLatestRevision":true,"revision":"onemergencycreate-00004-zug","maxInstanceRequestConcurrency":80,"availableCpu":"1"},"eventTrigger":{"trigger":"projects/taxisabanapp-717ca/locations/nam5/triggers/onemergencycreate-053794","triggerRegion":"nam5","eventType":"google.cloud.firestore.document.v1.created","eventFilters":[{"attribute":"namespace","value":"(default)"},{"attribute":"document","value":"emergencias/{id}","operator":"match-path-pattern"},{"attribute":"database","value":"(default)"}],"pubsubTopic":"projects/taxisabanapp-717ca/topics/eventarc-nam5-onemergencycreate-053794-554","serviceAccountEmail":"636533343786-compute@developer.gserviceaccount.com","retryPolicy":"RETRY_POLICY_DO_NOT_RETRY"},"state":"ACTIVE","updateTime":"2026-01-13T11:47:18.888826609Z","labels":{"firebase-functions-hash":"8cc84572e67f68a6c2cee1458200b6e9fa6805fc","deployment-tool":"cli-firebase"},"environment":"GEN_2","url":"https://us-central1-taxisabanapp-717ca.cloudfunctions.net/onEmergencyCreate","createTime":"2026-01-02T19:45:18.173789283Z","satisfiesPzi":true},{"name":"projects/taxisabanapp-717ca/locations/us-central1/functions/checkMissedReservations","buildConfig":{"build":"projects/636533343786/locations/us-central1/builds/63f4b3a5-19b2-4f5b-9079-3e25c4772a54","runtime":"nodejs20","entryPoint":"checkMissedReservations","source":{"storageSource":{"bucket":"gcf-v2-sources-636533343786-us-central1","object":"checkMissedReservations/function-source.zip","generation":"1768304778185806"}},"environmentVariables":{"GOOGLE_NODE_RUN_SCRIPTS":""},"dockerRepository":"projects/taxisabanapp-717ca/locations/us-central1/repositories/gcf-artifacts","sourceProvenance":{"resolvedStorageSource":{"bucket":"gcf-v2-sources-636533343786-us-central1","object":"checkMissedReservations/function-source.zip","generation":"1768304778185806"}},"dockerRegistry":"ARTIFACT_REGISTRY","serviceAccount":"projects/taxisabanapp-717ca/serviceAccounts/636533343786-compute@developer.gserviceaccount.com","automaticUpdatePolicy":{}},"serviceConfig":{"service":"projects/taxisabanapp-717ca/locations/us-central1/services/checkmissedreservations","timeoutSeconds":60,"environmentVariables":{"FIREBASE_CONFIG":"{\"projectId\":\"taxisabanapp-717ca\",\"databaseURL\":\"https://taxisabanapp-717ca-default-rtdb.firebaseio.com\",\"storageBucket\":\"taxisabanapp-717ca.firebasestorage.app\"}","GCLOUD_PROJECT":"taxisabanapp-717ca","EVENTARC_CLOUD_EVENT_SOURCE":"projects/taxisabanapp-717ca/locations/us-central1/services/checkMissedReservations","FUNCTION_TARGET":"checkMissedReservations","LOG_EXECUTION_ID":"true"},"ingressSettings":"ALLOW_ALL","uri":"https://checkmissedreservations-5pflrowbyq-uc.a.run.app","serviceAccountEmail":"636533343786-compute@developer.gserviceaccount.com","availableMemory":"256Mi","allTrafficOnLatestRevision":true,"revision":"checkmissedreservations-00001-cat","maxInstanceRequestConcurrency":80,"availableCpu":"1"},"state":"ACTIVE","updateTime":"2026-01-13T11:47:19.065812323Z","labels":{"deployment-tool":"cli-firebase","deployment-scheduled":"true","firebase-functions-hash":"8cc84572e67f68a6c2cee1458200b6e9fa6805fc"},"environment":"GEN_2","url":"https://us-central1-taxisabanapp-717ca.cloudfunctions.net/checkMissedReservations","createTime":"2026-01-13T11:46:18.505866878Z","satisfiesPzi":true},{"name":"projects/taxisabanapp-717ca/locations/us-central1/functions/aggregateDriverStats","buildConfig":{"build":"projects/636533343786/locations/us-central1/builds/63f4b3a5-19b2-4f5b-9079-3e25c4772a54","runtime":"nodejs20","entryPoint":"aggregateDriverStats","source":{"storageSource":{"bucket":"gcf-v2-sources-636533343786-us-central1","object":"aggregateDriverStats/function-source.zip","generation":"1768304828433211"}},"environmentVariables":{"GOOGLE_NODE_RUN_SCRIPTS":""},"dockerRepository":"projects/taxisabanapp-717ca/locations/us-central1/repositories/gcf-artifacts","sourceProvenance":{"resolvedStorageSource":{"bucket":"gcf-v2-sources-636533343786-us-central1","object":"aggregateDriverStats/function-source.zip","generation":"1768304828433211"}},"dockerRegistry":"ARTIFACT_REGISTRY","serviceAccount":"projects/taxisabanapp-717ca/serviceAccounts/636533343786-compute@developer.gserviceaccount.com","automaticUpdatePolicy":{}},"serviceConfig":{"service":"projects/taxisabanapp-717ca/locations/us-central1/services/aggregatedriverstats","timeoutSeconds":60,"environmentVariables":{"FIREBASE_CONFIG":"{\"projectId\":\"taxisabanapp-717ca\",\"databaseURL\":\"https://taxisabanapp-717ca-default-rtdb.firebaseio.com\",\"storageBucket\":\"taxisabanapp-717ca.firebasestorage.app\"}","GCLOUD_PROJECT":"taxisabanapp-717ca","EVENTARC_CLOUD_EVENT_SOURCE":"projects/taxisabanapp-717ca/locations/us-central1/services/aggregateDriverStats","FUNCTION_SIGNATURE_TYPE":"cloudevent","FUNCTION_TARGET":"aggregateDriverStats","LOG_EXECUTION_ID":"true"},"maxInstanceCount":3,"ingressSettings":"ALLOW_ALL","uri":"https://aggregatedriverstats-5pflrowbyq-uc.a.run.app","serviceAccountEmail":"636533343786-compute@developer.gserviceaccount.com","availableMemory":"256Mi","allTrafficOnLatestRevision":true,"revision":"aggregatedriverstats-00002-mab","maxInstanceRequestConcurrency":80,"availableCpu":"1"},"eventTrigger":{"trigger":"projects/taxisabanapp-717ca/locations/nam5/triggers/aggregatedriverstats-030679","triggerRegion":"nam5","eventType":"google.cloud.firestore.document.v1.updated","eventFilters":[{"attribute":"document","value":"viajes/{viajeId}","operator":"match-path-pattern"},{"attribute":"database","value":"(default)"},{"attribute":"namespace","value":"(default)"}],"pubsubTopic":"projects/taxisabanapp-717ca/topics/eventarc-nam5-aggregatedriverstats-030679-899","serviceAccountEmail":"636533343786-compute@developer.gserviceaccount.com","retryPolicy":"RETRY_POLICY_DO_NOT_RETRY"},"state":"ACTIVE","updateTime":"2026-01-13T11:47:18.671224646Z","labels":{"firebase-functions-hash":"8cc84572e67f68a6c2cee1458200b6e9fa6805fc","deployment-tool":"cli-firebase"},"environment":"GEN_2","url":"https://us-central1-taxisabanapp-717ca.cloudfunctions.net/aggregateDriverStats","createTime":"2026-01-12T15:59:34.035397059Z","satisfiesPzi":true},{"name":"projects/taxisabanapp-717ca/locations/us-central1/functions/rewardReferrerOnTripCompletion","buildConfig":{"build":"projects/636533343786/locations/us-central1/builds/63f4b3a5-19b2-4f5b-9079-3e25c4772a54","runtime":"nodejs20","entryPoint":"rewardReferrerOnTripCompletion","source":{"storageSource":{"bucket":"gcf-v2-sources-636533343786-us-central1","object":"rewardReferrerOnTripCompletion/function-source.zip","generation":"1768304828758960"}},"environmentVariables":{"GOOGLE_NODE_RUN_SCRIPTS":""},"dockerRepository":"projects/taxisabanapp-717ca/locations/us-central1/repositories/gcf-artifacts","sourceProvenance":{"resolvedStorageSource":{"bucket":"gcf-v2-sources-636533343786-us-central1","object":"rewardReferrerOnTripCompletion/function-source.zip","generation":"1768304828758960"}},"dockerRegistry":"ARTIFACT_REGISTRY","serviceAccount":"projects/taxisabanapp-717ca/serviceAccounts/636533343786-compute@developer.gserviceaccount.com","automaticUpdatePolicy":{}},"serviceConfig":{"service":"projects/taxisabanapp-717ca/locations/us-central1/services/rewardreferrerontripcompletion","timeoutSeconds":60,"environmentVariables":{"FIREBASE_CONFIG":"{\"projectId\":\"taxisabanapp-717ca\",\"databaseURL\":\"https://taxisabanapp-717ca-default-rtdb.firebaseio.com\",\"storageBucket\":\"taxisabanapp-717ca.firebasestorage.app\"}","GCLOUD_PROJECT":"taxisabanapp-717ca","EVENTARC_CLOUD_EVENT_SOURCE":"projects/taxisabanapp-717ca/locations/us-central1/services/rewardReferrerOnTripCompletion","FUNCTION_SIGNATURE_TYPE":"cloudevent","FUNCTION_TARGET":"rewardReferrerOnTripCompletion","LOG_EXECUTION_ID":"true"},"maxInstanceCount":3,"ingressSettings":"ALLOW_ALL","uri":"https://rewardreferrerontripcompletion-5pflrowbyq-uc.a.run.app","serviceAccountEmail":"636533343786-compute@developer.gserviceaccount.com","availableMemory":"256Mi","allTrafficOnLatestRevision":true,"revision":"rewardreferrerontripcompletion-00004-ziw","maxInstanceRequestConcurrency":80,"availableCpu":"1"},"eventTrigger":{"trigger":"projects/taxisabanapp-717ca/locations/nam5/triggers/rewardreferrerontripcompletion-037452","triggerRegion":"nam5","eventType":"google.cloud.firestore.document.v1.written","eventFilters":[{"attribute":"document","value":"viajes/{viajeId}","operator":"match-path-pattern"},{"attribute":"database","value":"(default)"},{"attribute":"namespace","value":"(default)"}],"pubsubTopic":"projects/taxisabanapp-717ca/topics/eventarc-nam5-rewardreferrerontripcompletion-037452-434","serviceAccountEmail":"636533343786-compute@developer.gserviceaccount.com","retryPolicy":"RETRY_POLICY_DO_NOT_RETRY"},"state":"ACTIVE","updateTime":"2026-01-13T11:47:19.908244800Z","labels":{"firebase-functions-hash":"8cc84572e67f68a6c2cee1458200b6e9fa6805fc","deployment-tool":"cli-firebase"},"environment":"GEN_2","url":"https://us-central1-taxisabanapp-717ca.cloudfunctions.net/rewardReferrerOnTripCompletion","createTime":"2026-01-02T19:45:18.106398206Z","satisfiesPzi":true},{"name":"projects/taxisabanapp-717ca/locations/us-central1/functions/resetMonthlyStats","buildConfig":{"build":"projects/636533343786/locations/us-central1/builds/128f0610-9d9d-4dac-b97e-58101a0ec9a8","runtime":"nodejs20","entryPoint":"resetMonthlyStats","source":{"storageSource":{"bucket":"gcf-v2-sources-636533343786-us-central1","object":"resetMonthlyStats/function-source.zip","generation":"1768304779299817"}},"environmentVariables":{"GOOGLE_NODE_RUN_SCRIPTS":""},"dockerRepository":"projects/taxisabanapp-717ca/locations/us-central1/repositories/gcf-artifacts","sourceProvenance":{"resolvedStorageSource":{"bucket":"gcf-v2-sources-636533343786-us-central1","object":"resetMonthlyStats/function-source.zip","generation":"1768304779299817"}},"dockerRegistry":"ARTIFACT_REGISTRY","serviceAccount":"projects/taxisabanapp-717ca/serviceAccounts/636533343786-compute@developer.gserviceaccount.com","automaticUpdatePolicy":{}},"serviceConfig":{"service":"projects/taxisabanapp-717ca/locations/us-central1/services/resetmonthlystats","timeoutSeconds":540,"environmentVariables":{"FIREBASE_CONFIG":"{\"projectId\":\"taxisabanapp-717ca\",\"databaseURL\":\"https://taxisabanapp-717ca-default-rtdb.firebaseio.com\",\"storageBucket\":\"taxisabanapp-717ca.firebasestorage.app\"}","GCLOUD_PROJECT":"taxisabanapp-717ca","EVENTARC_CLOUD_EVENT_SOURCE":"projects/taxisabanapp-717ca/locations/us-central1/services/resetMonthlyStats","FUNCTION_TARGET":"resetMonthlyStats","LOG_EXECUTION_ID":"true"},"maxInstanceCount":3,"ingressSettings":"ALLOW_ALL","uri":"https://resetmonthlystats-5pflrowbyq-uc.a.run.app","serviceAccountEmail":"636533343786-compute@developer.gserviceaccount.com","availableMemory":"512Mi","allTrafficOnLatestRevision":true,"revision":"resetmonthlystats-00002-ziw","maxInstanceRequestConcurrency":80,"availableCpu":"1"},"state":"ACTIVE","updateTime":"2026-01-13T11:47:15.039602546Z","labels":{"deployment-tool":"cli-firebase","deployment-scheduled":"true","firebase-functions-hash":"8cc84572e67f68a6c2cee1458200b6e9fa6805fc"},"environment":"GEN_2","url":"https://us-central1-taxisabanapp-717ca.cloudfunctions.net/resetMonthlyStats","createTime":"2026-01-12T15:59:33.913496285Z","satisfiesPzi":true},{"name":"projects/taxisabanapp-717ca/locations/us-central1/functions/initUserCredits","buildConfig":{"build":"projects/636533343786/locations/us-central1/builds/63f4b3a5-19b2-4f5b-9079-3e25c4772a54","runtime":"nodejs20","entryPoint":"initUserCredits","source":{"storageSource":{"bucket":"gcf-v2-sources-636533343786-us-central1","object":"initUserCredits/function-source.zip","generation":"1768304828499475"}},"environmentVariables":{"GOOGLE_NODE_RUN_SCRIPTS":""},"dockerRepository":"projects/taxisabanapp-717ca/locations/us-central1/repositories/gcf-artifacts","sourceProvenance":{"resolvedStorageSource":{"bucket":"gcf-v2-sources-636533343786-us-central1","object":"initUserCredits/function-source.zip","generation":"1768304828499475"}},"dockerRegistry":"ARTIFACT_REGISTRY","serviceAccount":"projects/taxisabanapp-717ca/serviceAccounts/636533343786-compute@developer.gserviceaccount.com","automaticUpdatePolicy":{}},"serviceConfig":{"service":"projects/taxisabanapp-717ca/locations/us-central1/services/initusercredits","timeoutSeconds":60,"environmentVariables":{"FIREBASE_CONFIG":"{\"projectId\":\"taxisabanapp-717ca\",\"databaseURL\":\"https://taxisabanapp-717ca-default-rtdb.firebaseio.com\",\"storageBucket\":\"taxisabanapp-717ca.firebasestorage.app\"}","GCLOUD_PROJECT":"taxisabanapp-717ca","EVENTARC_CLOUD_EVENT_SOURCE":"projects/taxisabanapp-717ca/locations/us-central1/services/initUserCredits","FUNCTION_SIGNATURE_TYPE":"cloudevent","FUNCTION_TARGET":"initUserCredits","LOG_EXECUTION_ID":"true"},"maxInstanceCount":3,"ingressSettings":"ALLOW_ALL","uri":"https://initusercredits-5pflrowbyq-uc.a.run.app","serviceAccountEmail":"636533343786-compute@developer.gserviceaccount.com","availableMemory":"256Mi","allTrafficOnLatestRevision":true,"revision":"initusercredits-00013-pef","maxInstanceRequestConcurrency":80,"availableCpu":"1"},"eventTrigger":{"trigger":"projects/taxisabanapp-717ca/locations/nam5/triggers/initusercredits-278880","triggerRegion":"nam5","eventType":"google.cloud.firestore.document.v1.written","eventFilters":[{"attribute":"database","value":"(default)"},{"attribute":"namespace","value":"(default)"},{"attribute":"document","value":"users/{uid}","operator":"match-path-pattern"}],"pubsubTopic":"projects/taxisabanapp-717ca/topics/eventarc-nam5-initusercredits-278880-371","serviceAccountEmail":"636533343786-compute@developer.gserviceaccount.com","retryPolicy":"RETRY_POLICY_DO_NOT_RETRY"},"state":"ACTIVE","updateTime":"2026-01-13T11:47:18.987106834Z","labels":{"firebase-functions-hash":"8cc84572e67f68a6c2cee1458200b6e9fa6805fc","deployment-tool":"cli-firebase"},"environment":"GEN_2","url":"https://us-central1-taxisabanapp-717ca.cloudfunctions.net/initUserCredits","createTime":"2025-12-18T20:35:23.584394919Z","satisfiesPzi":true}]}
[debug] [2026-01-22T17:04:09.150Z] Checked if tokens are valid: true, expires at: 1769102928865
[debug] [2026-01-22T17:04:09.151Z] Checked if tokens are valid: true, expires at: 1769102928865
[debug] [2026-01-22T17:04:09.151Z] >>> [apiv2][query] GET https://firestore.googleapis.com/v1/projects/taxisabanapp-717ca/databases/(default) [none]
[debug] [2026-01-22T17:04:09.978Z] <<< [apiv2][status] GET https://firestore.googleapis.com/v1/projects/taxisabanapp-717ca/databases/(default) 200
[debug] [2026-01-22T17:04:09.978Z] <<< [apiv2][body] GET https://firestore.googleapis.com/v1/projects/taxisabanapp-717ca/databases/(default) {"name":"projects/taxisabanapp-717ca/databases/(default)","uid":"c976c53d-b2ef-4ba8-81eb-4dabf55f9e89","createTime":"2025-12-08T23:46:53.501669Z","updateTime":"2025-12-08T23:46:53.501669Z","locationId":"nam5","type":"FIRESTORE_NATIVE","concurrencyMode":"PESSIMISTIC","versionRetentionPeriod":"3600s","earliestVersionTime":"2026-01-22T16:04:08.595890Z","appEngineIntegrationMode":"DISABLED","keyPrefix":"s","pointInTimeRecoveryEnablement":"POINT_IN_TIME_RECOVERY_DISABLED","deleteProtectionState":"DELETE_PROTECTION_DISABLED","databaseEdition":"STANDARD","freeTier":true,"realtimeUpdatesMode":"REALTIME_UPDATES_MODE_ENABLED","etag":"IJOOqbvQn5IDMIXXiIK4r5ED"}
[info] i  functions: ensuring required API cloudscheduler.googleapis.com is enabled... 
[info] i  functions: ensuring required API run.googleapis.com is enabled... 
[info] i  functions: ensuring required API eventarc.googleapis.com is enabled... 
[info] i  functions: ensuring required API pubsub.googleapis.com is enabled... 
[info] i  functions: ensuring required API storage.googleapis.com is enabled... 
[info] i  functions: generating the service identity for pubsub.googleapis.com... 
[debug] [2026-01-22T17:04:09.981Z] Checked if tokens are valid: true, expires at: 1769102928865
[debug] [2026-01-22T17:04:09.981Z] Checked if tokens are valid: true, expires at: 1769102928865
[info] i  functions: generating the service identity for eventarc.googleapis.com... 
[debug] [2026-01-22T17:04:09.981Z] Checked if tokens are valid: true, expires at: 1769102928865
[debug] [2026-01-22T17:04:09.981Z] Checked if tokens are valid: true, expires at: 1769102928865
[debug] [2026-01-22T17:04:09.981Z] >>> [apiv2][query] POST https://serviceusage.googleapis.com/v1beta1/projects/636533343786/services/pubsub.googleapis.com:generateServiceIdentity [none]
[debug] [2026-01-22T17:04:09.981Z] >>> [apiv2][(partial)header] POST https://serviceusage.googleapis.com/v1beta1/projects/636533343786/services/pubsub.googleapis.com:generateServiceIdentity x-goog-quota-user=projects/636533343786
[debug] [2026-01-22T17:04:09.981Z] >>> [apiv2][body] POST https://serviceusage.googleapis.com/v1beta1/projects/636533343786/services/pubsub.googleapis.com:generateServiceIdentity {}
[debug] [2026-01-22T17:04:09.982Z] >>> [apiv2][query] POST https://serviceusage.googleapis.com/v1beta1/projects/636533343786/services/eventarc.googleapis.com:generateServiceIdentity [none]
[debug] [2026-01-22T17:04:09.982Z] >>> [apiv2][(partial)header] POST https://serviceusage.googleapis.com/v1beta1/projects/636533343786/services/eventarc.googleapis.com:generateServiceIdentity x-goog-quota-user=projects/636533343786
[debug] [2026-01-22T17:04:09.982Z] >>> [apiv2][body] POST https://serviceusage.googleapis.com/v1beta1/projects/636533343786/services/eventarc.googleapis.com:generateServiceIdentity {}
[debug] [2026-01-22T17:04:10.789Z] <<< [apiv2][status] POST https://serviceusage.googleapis.com/v1beta1/projects/636533343786/services/pubsub.googleapis.com:generateServiceIdentity 200
[debug] [2026-01-22T17:04:10.789Z] <<< [apiv2][body] POST https://serviceusage.googleapis.com/v1beta1/projects/636533343786/services/pubsub.googleapis.com:generateServiceIdentity {"name":"operations/finished.DONE_OPERATION","done":true,"response":{"@type":"type.googleapis.com/google.api.serviceusage.v1beta1.ServiceIdentity","email":"service-636533343786@gcp-sa-pubsub.iam.gserviceaccount.com","uniqueId":"107611304084793071460"}}
[debug] [2026-01-22T17:04:10.798Z] <<< [apiv2][status] POST https://serviceusage.googleapis.com/v1beta1/projects/636533343786/services/eventarc.googleapis.com:generateServiceIdentity 200
[debug] [2026-01-22T17:04:10.798Z] <<< [apiv2][body] POST https://serviceusage.googleapis.com/v1beta1/projects/636533343786/services/eventarc.googleapis.com:generateServiceIdentity {"name":"operations/finished.DONE_OPERATION","done":true,"response":{"@type":"type.googleapis.com/google.api.serviceusage.v1beta1.ServiceIdentity","email":"service-636533343786@gcp-sa-eventarc.iam.gserviceaccount.com","uniqueId":"113641634279365070026"}}
[info] i  functions: ensuring required API secretmanager.googleapis.com is enabled... 
[debug] [2026-01-22T17:04:10.800Z] Checked if tokens are valid: true, expires at: 1769102928865
[debug] [2026-01-22T17:04:10.800Z] Checked if tokens are valid: true, expires at: 1769102928865
[debug] [2026-01-22T17:04:10.801Z] >>> [apiv2][query] GET https://secretmanager.googleapis.com/v1/projects/taxisabanapp-717ca/secrets/GEOCODING_KEY/versions/latest [none]
[debug] [2026-01-22T17:04:10.946Z] <<< [apiv2][status] GET https://secretmanager.googleapis.com/v1/projects/taxisabanapp-717ca/secrets/GEOCODING_KEY/versions/latest 200
[debug] [2026-01-22T17:04:10.946Z] <<< [apiv2][body] GET https://secretmanager.googleapis.com/v1/projects/taxisabanapp-717ca/secrets/GEOCODING_KEY/versions/latest {"name":"projects/636533343786/secrets/GEOCODING_KEY/versions/4","createTime":"2025-12-16T17:08:36.482798Z","state":"ENABLED","replicationStatus":{"automatic":{}},"etag":"\"164614c7410aee\""}
[debug] [2026-01-22T17:04:10.947Z] Resolved secret version of GEOCODING_KEY to 4.
[debug] [2026-01-22T17:04:10.948Z] Checked if tokens are valid: true, expires at: 1769102928865
[debug] [2026-01-22T17:04:10.948Z] Checked if tokens are valid: true, expires at: 1769102928865
[debug] [2026-01-22T17:04:10.948Z] >>> [apiv2][query] GET https://cloudresourcemanager.googleapis.com/v1/projects/taxisabanapp-717ca [none]
[debug] [2026-01-22T17:04:11.503Z] <<< [apiv2][status] GET https://cloudresourcemanager.googleapis.com/v1/projects/taxisabanapp-717ca 200
[debug] [2026-01-22T17:04:11.504Z] <<< [apiv2][body] GET https://cloudresourcemanager.googleapis.com/v1/projects/taxisabanapp-717ca {"projectNumber":"636533343786","projectId":"taxisabanapp-717ca","lifecycleState":"ACTIVE","name":"taxisabanapp","labels":{"firebase":"enabled","firebase-core":"disabled"},"createTime":"2025-12-07T22:06:52.458153Z"}
[debug] [2026-01-22T17:04:11.504Z] Checked if tokens are valid: true, expires at: 1769102928865
[debug] [2026-01-22T17:04:11.504Z] Checked if tokens are valid: true, expires at: 1769102928865
[debug] [2026-01-22T17:04:11.504Z] >>> [apiv2][query] GET https://compute.googleapis.com/compute/v1/projects/636533343786 [none]
[debug] [2026-01-22T17:04:11.833Z] <<< [apiv2][status] GET https://compute.googleapis.com/compute/v1/projects/636533343786 403
[debug] [2026-01-22T17:04:11.833Z] <<< [apiv2][body] GET https://compute.googleapis.com/compute/v1/projects/636533343786 {"error":{"code":403,"message":"Compute Engine API has not been used in project 636533343786 before or it is disabled. Enable it by visiting https://console.developers.google.com/apis/api/compute.googleapis.com/overview?project=636533343786 then retry. If you enabled this API recently, wait a few minutes for the action to propagate to our systems and retry.","errors":[{"message":"Compute Engine API has not been used in project 636533343786 before or it is disabled. Enable it by visiting https://console.developers.google.com/apis/api/compute.googleapis.com/overview?project=636533343786 then retry. If you enabled this API recently, wait a few minutes for the action to propagate to our systems and retry.","domain":"usageLimits","reason":"accessNotConfigured","extendedHelp":"https://console.developers.google.com"}],"status":"PERMISSION_DENIED","details":[{"@type":"type.googleapis.com/google.rpc.ErrorInfo","reason":"SERVICE_DISABLED","domain":"googleapis.com","metadata":{"serviceTitle":"Compute Engine API","activationUrl":"https://console.developers.google.com/apis/api/compute.googleapis.com/overview?project=636533343786","service":"compute.googleapis.com","consumer":"projects/636533343786","containerInfo":"636533343786"}},{"@type":"type.googleapis.com/google.rpc.LocalizedMessage","locale":"en-US","message":"Compute Engine API has not been used in project 636533343786 before or it is disabled. Enable it by visiting https://console.developers.google.com/apis/api/compute.googleapis.com/overview?project=636533343786 then retry. If you enabled this API recently, wait a few minutes for the action to propagate to our systems and retry."},{"@type":"type.googleapis.com/google.rpc.Help","links":[{"description":"Google developers console API activation","url":"https://console.developers.google.com/apis/api/compute.googleapis.com/overview?project=636533343786"}]}]}}
[debug] [2026-01-22T17:04:11.834Z] unable to look up default compute service account. Falling back to 636533343786-compute@developer.gserviceaccount.com. Error: {"name":"FirebaseError","children":[],"context":{"body":{"error":{"code":403,"message":"Compute Engine API has not been used in project 636533343786 before or it is disabled. Enable it by visiting https://console.developers.google.com/apis/api/compute.googleapis.com/overview?project=636533343786 then retry. If you enabled this API recently, wait a few minutes for the action to propagate to our systems and retry.","errors":[{"message":"Compute Engine API has not been used in project 636533343786 before or it is disabled. Enable it by visiting https://console.developers.google.com/apis/api/compute.googleapis.com/overview?project=636533343786 then retry. If you enabled this API recently, wait a few minutes for the action to propagate to our systems and retry.","domain":"usageLimits","reason":"accessNotConfigured","extendedHelp":"https://console.developers.google.com"}],"status":"PERMISSION_DENIED","details":[{"@type":"type.googleapis.com/google.rpc.ErrorInfo","reason":"SERVICE_DISABLED","domain":"googleapis.com","metadata":{"serviceTitle":"Compute Engine API","activationUrl":"https://console.developers.google.com/apis/api/compute.googleapis.com/overview?project=636533343786","service":"compute.googleapis.com","consumer":"projects/636533343786","containerInfo":"636533343786"}},{"@type":"type.googleapis.com/google.rpc.LocalizedMessage","locale":"en-US","message":"Compute Engine API has not been used in project 636533343786 before or it is disabled. Enable it by visiting https://console.developers.google.com/apis/api/compute.googleapis.com/overview?project=636533343786 then retry. If you enabled this API recently, wait a few minutes for the action to propagate to our systems and retry."},{"@type":"type.googleapis.com/google.rpc.Help","links":[{"description":"Google developers console API activation","url":"https://console.developers.google.com/apis/api/compute.googleapis.com/overview?project=636533343786"}]}]}},"response":{"statusCode":403}},"exit":1,"message":"Request to https://compute.googleapis.com/compute/v1/projects/636533343786 had HTTP Error: 403, Compute Engine API has not been used in project 636533343786 before or it is disabled. Enable it by visiting https://console.developers.google.com/apis/api/compute.googleapis.com/overview?project=636533343786 then retry. If you enabled this API recently, wait a few minutes for the action to propagate to our systems and retry.","status":403}
[debug] [2026-01-22T17:04:11.834Z] Checked if tokens are valid: true, expires at: 1769102928865
[debug] [2026-01-22T17:04:11.834Z] Checked if tokens are valid: true, expires at: 1769102928865
[debug] [2026-01-22T17:04:11.834Z] >>> [apiv2][query] GET https://compute.googleapis.com/compute/v1/projects/636533343786 [none]
[debug] [2026-01-22T17:04:12.024Z] <<< [apiv2][status] GET https://compute.googleapis.com/compute/v1/projects/636533343786 403
[debug] [2026-01-22T17:04:12.024Z] <<< [apiv2][body] GET https://compute.googleapis.com/compute/v1/projects/636533343786 {"error":{"code":403,"message":"Compute Engine API has not been used in project 636533343786 before or it is disabled. Enable it by visiting https://console.developers.google.com/apis/api/compute.googleapis.com/overview?project=636533343786 then retry. If you enabled this API recently, wait a few minutes for the action to propagate to our systems and retry.","errors":[{"message":"Compute Engine API has not been used in project 636533343786 before or it is disabled. Enable it by visiting https://console.developers.google.com/apis/api/compute.googleapis.com/overview?project=636533343786 then retry. If you enabled this API recently, wait a few minutes for the action to propagate to our systems and retry.","domain":"usageLimits","reason":"accessNotConfigured","extendedHelp":"https://console.developers.google.com"}],"status":"PERMISSION_DENIED","details":[{"@type":"type.googleapis.com/google.rpc.ErrorInfo","reason":"SERVICE_DISABLED","domain":"googleapis.com","metadata":{"serviceTitle":"Compute Engine API","consumer":"projects/636533343786","service":"compute.googleapis.com","activationUrl":"https://console.developers.google.com/apis/api/compute.googleapis.com/overview?project=636533343786","containerInfo":"636533343786"}},{"@type":"type.googleapis.com/google.rpc.LocalizedMessage","locale":"en-US","message":"Compute Engine API has not been used in project 636533343786 before or it is disabled. Enable it by visiting https://console.developers.google.com/apis/api/compute.googleapis.com/overview?project=636533343786 then retry. If you enabled this API recently, wait a few minutes for the action to propagate to our systems and retry."},{"@type":"type.googleapis.com/google.rpc.Help","links":[{"description":"Google developers console API activation","url":"https://console.developers.google.com/apis/api/compute.googleapis.com/overview?project=636533343786"}]}]}}
[debug] [2026-01-22T17:04:12.024Z] unable to look up default compute service account. Falling back to 636533343786-compute@developer.gserviceaccount.com. Error: {"name":"FirebaseError","children":[],"context":{"body":{"error":{"code":403,"message":"Compute Engine API has not been used in project 636533343786 before or it is disabled. Enable it by visiting https://console.developers.google.com/apis/api/compute.googleapis.com/overview?project=636533343786 then retry. If you enabled this API recently, wait a few minutes for the action to propagate to our systems and retry.","errors":[{"message":"Compute Engine API has not been used in project 636533343786 before or it is disabled. Enable it by visiting https://console.developers.google.com/apis/api/compute.googleapis.com/overview?project=636533343786 then retry. If you enabled this API recently, wait a few minutes for the action to propagate to our systems and retry.","domain":"usageLimits","reason":"accessNotConfigured","extendedHelp":"https://console.developers.google.com"}],"status":"PERMISSION_DENIED","details":[{"@type":"type.googleapis.com/google.rpc.ErrorInfo","reason":"SERVICE_DISABLED","domain":"googleapis.com","metadata":{"serviceTitle":"Compute Engine API","consumer":"projects/636533343786","service":"compute.googleapis.com","activationUrl":"https://console.developers.google.com/apis/api/compute.googleapis.com/overview?project=636533343786","containerInfo":"636533343786"}},{"@type":"type.googleapis.com/google.rpc.LocalizedMessage","locale":"en-US","message":"Compute Engine API has not been used in project 636533343786 before or it is disabled. Enable it by visiting https://console.developers.google.com/apis/api/compute.googleapis.com/overview?project=636533343786 then retry. If you enabled this API recently, wait a few minutes for the action to propagate to our systems and retry."},{"@type":"type.googleapis.com/google.rpc.Help","links":[{"description":"Google developers console API activation","url":"https://console.developers.google.com/apis/api/compute.googleapis.com/overview?project=636533343786"}]}]}},"response":{"statusCode":403}},"exit":1,"message":"Request to https://compute.googleapis.com/compute/v1/projects/636533343786 had HTTP Error: 403, Compute Engine API has not been used in project 636533343786 before or it is disabled. Enable it by visiting https://console.developers.google.com/apis/api/compute.googleapis.com/overview?project=636533343786 then retry. If you enabled this API recently, wait a few minutes for the action to propagate to our systems and retry.","status":403}
[debug] [2026-01-22T17:04:12.024Z] Checked if tokens are valid: true, expires at: 1769102928865
[debug] [2026-01-22T17:04:12.024Z] Checked if tokens are valid: true, expires at: 1769102928865
[debug] [2026-01-22T17:04:12.024Z] >>> [apiv2][query] GET https://compute.googleapis.com/compute/v1/projects/636533343786 [none]
[debug] [2026-01-22T17:04:12.150Z] <<< [apiv2][status] GET https://compute.googleapis.com/compute/v1/projects/636533343786 403
[debug] [2026-01-22T17:04:12.151Z] <<< [apiv2][body] GET https://compute.googleapis.com/compute/v1/projects/636533343786 {"error":{"code":403,"message":"Compute Engine API has not been used in project 636533343786 before or it is disabled. Enable it by visiting https://console.developers.google.com/apis/api/compute.googleapis.com/overview?project=636533343786 then retry. If you enabled this API recently, wait a few minutes for the action to propagate to our systems and retry.","errors":[{"message":"Compute Engine API has not been used in project 636533343786 before or it is disabled. Enable it by visiting https://console.developers.google.com/apis/api/compute.googleapis.com/overview?project=636533343786 then retry. If you enabled this API recently, wait a few minutes for the action to propagate to our systems and retry.","domain":"usageLimits","reason":"accessNotConfigured","extendedHelp":"https://console.developers.google.com"}],"status":"PERMISSION_DENIED","details":[{"@type":"type.googleapis.com/google.rpc.ErrorInfo","reason":"SERVICE_DISABLED","domain":"googleapis.com","metadata":{"consumer":"projects/636533343786","containerInfo":"636533343786","activationUrl":"https://console.developers.google.com/apis/api/compute.googleapis.com/overview?project=636533343786","service":"compute.googleapis.com","serviceTitle":"Compute Engine API"}},{"@type":"type.googleapis.com/google.rpc.LocalizedMessage","locale":"en-US","message":"Compute Engine API has not been used in project 636533343786 before or it is disabled. Enable it by visiting https://console.developers.google.com/apis/api/compute.googleapis.com/overview?project=636533343786 then retry. If you enabled this API recently, wait a few minutes for the action to propagate to our systems and retry."},{"@type":"type.googleapis.com/google.rpc.Help","links":[{"description":"Google developers console API activation","url":"https://console.developers.google.com/apis/api/compute.googleapis.com/overview?project=636533343786"}]}]}}
[debug] [2026-01-22T17:04:12.151Z] unable to look up default compute service account. Falling back to 636533343786-compute@developer.gserviceaccount.com. Error: {"name":"FirebaseError","children":[],"context":{"body":{"error":{"code":403,"message":"Compute Engine API has not been used in project 636533343786 before or it is disabled. Enable it by visiting https://console.developers.google.com/apis/api/compute.googleapis.com/overview?project=636533343786 then retry. If you enabled this API recently, wait a few minutes for the action to propagate to our systems and retry.","errors":[{"message":"Compute Engine API has not been used in project 636533343786 before or it is disabled. Enable it by visiting https://console.developers.google.com/apis/api/compute.googleapis.com/overview?project=636533343786 then retry. If you enabled this API recently, wait a few minutes for the action to propagate to our systems and retry.","domain":"usageLimits","reason":"accessNotConfigured","extendedHelp":"https://console.developers.google.com"}],"status":"PERMISSION_DENIED","details":[{"@type":"type.googleapis.com/google.rpc.ErrorInfo","reason":"SERVICE_DISABLED","domain":"googleapis.com","metadata":{"consumer":"projects/636533343786","containerInfo":"636533343786","activationUrl":"https://console.developers.google.com/apis/api/compute.googleapis.com/overview?project=636533343786","service":"compute.googleapis.com","serviceTitle":"Compute Engine API"}},{"@type":"type.googleapis.com/google.rpc.LocalizedMessage","locale":"en-US","message":"Compute Engine API has not been used in project 636533343786 before or it is disabled. Enable it by visiting https://console.developers.google.com/apis/api/compute.googleapis.com/overview?project=636533343786 then retry. If you enabled this API recently, wait a few minutes for the action to propagate to our systems and retry."},{"@type":"type.googleapis.com/google.rpc.Help","links":[{"description":"Google developers console API activation","url":"https://console.developers.google.com/apis/api/compute.googleapis.com/overview?project=636533343786"}]}]}},"response":{"statusCode":403}},"exit":1,"message":"Request to https://compute.googleapis.com/compute/v1/projects/636533343786 had HTTP Error: 403, Compute Engine API has not been used in project 636533343786 before or it is disabled. Enable it by visiting https://console.developers.google.com/apis/api/compute.googleapis.com/overview?project=636533343786 then retry. If you enabled this API recently, wait a few minutes for the action to propagate to our systems and retry.","status":403}
[debug] [2026-01-22T17:04:12.151Z] Checked if tokens are valid: true, expires at: 1769102928865
[debug] [2026-01-22T17:04:12.151Z] Checked if tokens are valid: true, expires at: 1769102928865
[debug] [2026-01-22T17:04:12.151Z] >>> [apiv2][query] GET https://compute.googleapis.com/compute/v1/projects/636533343786 [none]
[debug] [2026-01-22T17:04:12.302Z] <<< [apiv2][status] GET https://compute.googleapis.com/compute/v1/projects/636533343786 403
[debug] [2026-01-22T17:04:12.302Z] <<< [apiv2][body] GET https://compute.googleapis.com/compute/v1/projects/636533343786 {"error":{"code":403,"message":"Compute Engine API has not been used in project 636533343786 before or it is disabled. Enable it by visiting https://console.developers.google.com/apis/api/compute.googleapis.com/overview?project=636533343786 then retry. If you enabled this API recently, wait a few minutes for the action to propagate to our systems and retry.","errors":[{"message":"Compute Engine API has not been used in project 636533343786 before or it is disabled. Enable it by visiting https://console.developers.google.com/apis/api/compute.googleapis.com/overview?project=636533343786 then retry. If you enabled this API recently, wait a few minutes for the action to propagate to our systems and retry.","domain":"usageLimits","reason":"accessNotConfigured","extendedHelp":"https://console.developers.google.com"}],"status":"PERMISSION_DENIED","details":[{"@type":"type.googleapis.com/google.rpc.ErrorInfo","reason":"SERVICE_DISABLED","domain":"googleapis.com","metadata":{"service":"compute.googleapis.com","consumer":"projects/636533343786","containerInfo":"636533343786","serviceTitle":"Compute Engine API","activationUrl":"https://console.developers.google.com/apis/api/compute.googleapis.com/overview?project=636533343786"}},{"@type":"type.googleapis.com/google.rpc.LocalizedMessage","locale":"en-US","message":"Compute Engine API has not been used in project 636533343786 before or it is disabled. Enable it by visiting https://console.developers.google.com/apis/api/compute.googleapis.com/overview?project=636533343786 then retry. If you enabled this API recently, wait a few minutes for the action to propagate to our systems and retry."},{"@type":"type.googleapis.com/google.rpc.Help","links":[{"description":"Google developers console API activation","url":"https://console.developers.google.com/apis/api/compute.googleapis.com/overview?project=636533343786"}]}]}}
[debug] [2026-01-22T17:04:12.302Z] unable to look up default compute service account. Falling back to 636533343786-compute@developer.gserviceaccount.com. Error: {"name":"FirebaseError","children":[],"context":{"body":{"error":{"code":403,"message":"Compute Engine API has not been used in project 636533343786 before or it is disabled. Enable it by visiting https://console.developers.google.com/apis/api/compute.googleapis.com/overview?project=636533343786 then retry. If you enabled this API recently, wait a few minutes for the action to propagate to our systems and retry.","errors":[{"message":"Compute Engine API has not been used in project 636533343786 before or it is disabled. Enable it by visiting https://console.developers.google.com/apis/api/compute.googleapis.com/overview?project=636533343786 then retry. If you enabled this API recently, wait a few minutes for the action to propagate to our systems and retry.","domain":"usageLimits","reason":"accessNotConfigured","extendedHelp":"https://console.developers.google.com"}],"status":"PERMISSION_DENIED","details":[{"@type":"type.googleapis.com/google.rpc.ErrorInfo","reason":"SERVICE_DISABLED","domain":"googleapis.com","metadata":{"service":"compute.googleapis.com","consumer":"projects/636533343786","containerInfo":"636533343786","serviceTitle":"Compute Engine API","activationUrl":"https://console.developers.google.com/apis/api/compute.googleapis.com/overview?project=636533343786"}},{"@type":"type.googleapis.com/google.rpc.LocalizedMessage","locale":"en-US","message":"Compute Engine API has not been used in project 636533343786 before or it is disabled. Enable it by visiting https://console.developers.google.com/apis/api/compute.googleapis.com/overview?project=636533343786 then retry. If you enabled this API recently, wait a few minutes for the action to propagate to our systems and retry."},{"@type":"type.googleapis.com/google.rpc.Help","links":[{"description":"Google developers console API activation","url":"https://console.developers.google.com/apis/api/compute.googleapis.com/overview?project=636533343786"}]}]}},"response":{"statusCode":403}},"exit":1,"message":"Request to https://compute.googleapis.com/compute/v1/projects/636533343786 had HTTP Error: 403, Compute Engine API has not been used in project 636533343786 before or it is disabled. Enable it by visiting https://console.developers.google.com/apis/api/compute.googleapis.com/overview?project=636533343786 then retry. If you enabled this API recently, wait a few minutes for the action to propagate to our systems and retry.","status":403}
[debug] [2026-01-22T17:04:12.302Z] Checked if tokens are valid: true, expires at: 1769102928865
[debug] [2026-01-22T17:04:12.302Z] Checked if tokens are valid: true, expires at: 1769102928865
[debug] [2026-01-22T17:04:12.302Z] >>> [apiv2][query] GET https://compute.googleapis.com/compute/v1/projects/636533343786 [none]
[debug] [2026-01-22T17:04:12.445Z] <<< [apiv2][status] GET https://compute.googleapis.com/compute/v1/projects/636533343786 403
[debug] [2026-01-22T17:04:12.445Z] <<< [apiv2][body] GET https://compute.googleapis.com/compute/v1/projects/636533343786 {"error":{"code":403,"message":"Compute Engine API has not been used in project 636533343786 before or it is disabled. Enable it by visiting https://console.developers.google.com/apis/api/compute.googleapis.com/overview?project=636533343786 then retry. If you enabled this API recently, wait a few minutes for the action to propagate to our systems and retry.","errors":[{"message":"Compute Engine API has not been used in project 636533343786 before or it is disabled. Enable it by visiting https://console.developers.google.com/apis/api/compute.googleapis.com/overview?project=636533343786 then retry. If you enabled this API recently, wait a few minutes for the action to propagate to our systems and retry.","domain":"usageLimits","reason":"accessNotConfigured","extendedHelp":"https://console.developers.google.com"}],"status":"PERMISSION_DENIED","details":[{"@type":"type.googleapis.com/google.rpc.ErrorInfo","reason":"SERVICE_DISABLED","domain":"googleapis.com","metadata":{"consumer":"projects/636533343786","service":"compute.googleapis.com","activationUrl":"https://console.developers.google.com/apis/api/compute.googleapis.com/overview?project=636533343786","containerInfo":"636533343786","serviceTitle":"Compute Engine API"}},{"@type":"type.googleapis.com/google.rpc.LocalizedMessage","locale":"en-US","message":"Compute Engine API has not been used in project 636533343786 before or it is disabled. Enable it by visiting https://console.developers.google.com/apis/api/compute.googleapis.com/overview?project=636533343786 then retry. If you enabled this API recently, wait a few minutes for the action to propagate to our systems and retry."},{"@type":"type.googleapis.com/google.rpc.Help","links":[{"description":"Google developers console API activation","url":"https://console.developers.google.com/apis/api/compute.googleapis.com/overview?project=636533343786"}]}]}}
[debug] [2026-01-22T17:04:12.445Z] unable to look up default compute service account. Falling back to 636533343786-compute@developer.gserviceaccount.com. Error: {"name":"FirebaseError","children":[],"context":{"body":{"error":{"code":403,"message":"Compute Engine API has not been used in project 636533343786 before or it is disabled. Enable it by visiting https://console.developers.google.com/apis/api/compute.googleapis.com/overview?project=636533343786 then retry. If you enabled this API recently, wait a few minutes for the action to propagate to our systems and retry.","errors":[{"message":"Compute Engine API has not been used in project 636533343786 before or it is disabled. Enable it by visiting https://console.developers.google.com/apis/api/compute.googleapis.com/overview?project=636533343786 then retry. If you enabled this API recently, wait a few minutes for the action to propagate to our systems and retry.","domain":"usageLimits","reason":"accessNotConfigured","extendedHelp":"https://console.developers.google.com"}],"status":"PERMISSION_DENIED","details":[{"@type":"type.googleapis.com/google.rpc.ErrorInfo","reason":"SERVICE_DISABLED","domain":"googleapis.com","metadata":{"consumer":"projects/636533343786","service":"compute.googleapis.com","activationUrl":"https://console.developers.google.com/apis/api/compute.googleapis.com/overview?project=636533343786","containerInfo":"636533343786","serviceTitle":"Compute Engine API"}},{"@type":"type.googleapis.com/google.rpc.LocalizedMessage","locale":"en-US","message":"Compute Engine API has not been used in project 636533343786 before or it is disabled. Enable it by visiting https://console.developers.google.com/apis/api/compute.googleapis.com/overview?project=636533343786 then retry. If you enabled this API recently, wait a few minutes for the action to propagate to our systems and retry."},{"@type":"type.googleapis.com/google.rpc.Help","links":[{"description":"Google developers console API activation","url":"https://console.developers.google.com/apis/api/compute.googleapis.com/overview?project=636533343786"}]}]}},"response":{"statusCode":403}},"exit":1,"message":"Request to https://compute.googleapis.com/compute/v1/projects/636533343786 had HTTP Error: 403, Compute Engine API has not been used in project 636533343786 before or it is disabled. Enable it by visiting https://console.developers.google.com/apis/api/compute.googleapis.com/overview?project=636533343786 then retry. If you enabled this API recently, wait a few minutes for the action to propagate to our systems and retry.","status":403}
[debug] [2026-01-22T17:04:12.445Z] Checked if tokens are valid: true, expires at: 1769102928865
[debug] [2026-01-22T17:04:12.446Z] Checked if tokens are valid: true, expires at: 1769102928865
[debug] [2026-01-22T17:04:12.446Z] >>> [apiv2][query] GET https://compute.googleapis.com/compute/v1/projects/636533343786 [none]
[debug] [2026-01-22T17:04:12.560Z] <<< [apiv2][status] GET https://compute.googleapis.com/compute/v1/projects/636533343786 403
[debug] [2026-01-22T17:04:12.560Z] <<< [apiv2][body] GET https://compute.googleapis.com/compute/v1/projects/636533343786 {"error":{"code":403,"message":"Compute Engine API has not been used in project 636533343786 before or it is disabled. Enable it by visiting https://console.developers.google.com/apis/api/compute.googleapis.com/overview?project=636533343786 then retry. If you enabled this API recently, wait a few minutes for the action to propagate to our systems and retry.","errors":[{"message":"Compute Engine API has not been used in project 636533343786 before or it is disabled. Enable it by visiting https://console.developers.google.com/apis/api/compute.googleapis.com/overview?project=636533343786 then retry. If you enabled this API recently, wait a few minutes for the action to propagate to our systems and retry.","domain":"usageLimits","reason":"accessNotConfigured","extendedHelp":"https://console.developers.google.com"}],"status":"PERMISSION_DENIED","details":[{"@type":"type.googleapis.com/google.rpc.ErrorInfo","reason":"SERVICE_DISABLED","domain":"googleapis.com","metadata":{"consumer":"projects/636533343786","containerInfo":"636533343786","activationUrl":"https://console.developers.google.com/apis/api/compute.googleapis.com/overview?project=636533343786","service":"compute.googleapis.com","serviceTitle":"Compute Engine API"}},{"@type":"type.googleapis.com/google.rpc.LocalizedMessage","locale":"en-US","message":"Compute Engine API has not been used in project 636533343786 before or it is disabled. Enable it by visiting https://console.developers.google.com/apis/api/compute.googleapis.com/overview?project=636533343786 then retry. If you enabled this API recently, wait a few minutes for the action to propagate to our systems and retry."},{"@type":"type.googleapis.com/google.rpc.Help","links":[{"description":"Google developers console API activation","url":"https://console.developers.google.com/apis/api/compute.googleapis.com/overview?project=636533343786"}]}]}}
[debug] [2026-01-22T17:04:12.560Z] unable to look up default compute service account. Falling back to 636533343786-compute@developer.gserviceaccount.com. Error: {"name":"FirebaseError","children":[],"context":{"body":{"error":{"code":403,"message":"Compute Engine API has not been used in project 636533343786 before or it is disabled. Enable it by visiting https://console.developers.google.com/apis/api/compute.googleapis.com/overview?project=636533343786 then retry. If you enabled this API recently, wait a few minutes for the action to propagate to our systems and retry.","errors":[{"message":"Compute Engine API has not been used in project 636533343786 before or it is disabled. Enable it by visiting https://console.developers.google.com/apis/api/compute.googleapis.com/overview?project=636533343786 then retry. If you enabled this API recently, wait a few minutes for the action to propagate to our systems and retry.","domain":"usageLimits","reason":"accessNotConfigured","extendedHelp":"https://console.developers.google.com"}],"status":"PERMISSION_DENIED","details":[{"@type":"type.googleapis.com/google.rpc.ErrorInfo","reason":"SERVICE_DISABLED","domain":"googleapis.com","metadata":{"consumer":"projects/636533343786","containerInfo":"636533343786","activationUrl":"https://console.developers.google.com/apis/api/compute.googleapis.com/overview?project=636533343786","service":"compute.googleapis.com","serviceTitle":"Compute Engine API"}},{"@type":"type.googleapis.com/google.rpc.LocalizedMessage","locale":"en-US","message":"Compute Engine API has not been used in project 636533343786 before or it is disabled. Enable it by visiting https://console.developers.google.com/apis/api/compute.googleapis.com/overview?project=636533343786 then retry. If you enabled this API recently, wait a few minutes for the action to propagate to our systems and retry."},{"@type":"type.googleapis.com/google.rpc.Help","links":[{"description":"Google developers console API activation","url":"https://console.developers.google.com/apis/api/compute.googleapis.com/overview?project=636533343786"}]}]}},"response":{"statusCode":403}},"exit":1,"message":"Request to https://compute.googleapis.com/compute/v1/projects/636533343786 had HTTP Error: 403, Compute Engine API has not been used in project 636533343786 before or it is disabled. Enable it by visiting https://console.developers.google.com/apis/api/compute.googleapis.com/overview?project=636533343786 then retry. If you enabled this API recently, wait a few minutes for the action to propagate to our systems and retry.","status":403}
[debug] [2026-01-22T17:04:12.560Z] Checked if tokens are valid: true, expires at: 1769102928865
[debug] [2026-01-22T17:04:12.560Z] Checked if tokens are valid: true, expires at: 1769102928865
[debug] [2026-01-22T17:04:12.560Z] >>> [apiv2][query] GET https://compute.googleapis.com/compute/v1/projects/636533343786 [none]
[debug] [2026-01-22T17:04:12.683Z] <<< [apiv2][status] GET https://compute.googleapis.com/compute/v1/projects/636533343786 403
[debug] [2026-01-22T17:04:12.683Z] <<< [apiv2][body] GET https://compute.googleapis.com/compute/v1/projects/636533343786 {"error":{"code":403,"message":"Compute Engine API has not been used in project 636533343786 before or it is disabled. Enable it by visiting https://console.developers.google.com/apis/api/compute.googleapis.com/overview?project=636533343786 then retry. If you enabled this API recently, wait a few minutes for the action to propagate to our systems and retry.","errors":[{"message":"Compute Engine API has not been used in project 636533343786 before or it is disabled. Enable it by visiting https://console.developers.google.com/apis/api/compute.googleapis.com/overview?project=636533343786 then retry. If you enabled this API recently, wait a few minutes for the action to propagate to our systems and retry.","domain":"usageLimits","reason":"accessNotConfigured","extendedHelp":"https://console.developers.google.com"}],"status":"PERMISSION_DENIED","details":[{"@type":"type.googleapis.com/google.rpc.ErrorInfo","reason":"SERVICE_DISABLED","domain":"googleapis.com","metadata":{"activationUrl":"https://console.developers.google.com/apis/api/compute.googleapis.com/overview?project=636533343786","containerInfo":"636533343786","serviceTitle":"Compute Engine API","consumer":"projects/636533343786","service":"compute.googleapis.com"}},{"@type":"type.googleapis.com/google.rpc.LocalizedMessage","locale":"en-US","message":"Compute Engine API has not been used in project 636533343786 before or it is disabled. Enable it by visiting https://console.developers.google.com/apis/api/compute.googleapis.com/overview?project=636533343786 then retry. If you enabled this API recently, wait a few minutes for the action to propagate to our systems and retry."},{"@type":"type.googleapis.com/google.rpc.Help","links":[{"description":"Google developers console API activation","url":"https://console.developers.google.com/apis/api/compute.googleapis.com/overview?project=636533343786"}]}]}}
[debug] [2026-01-22T17:04:12.684Z] unable to look up default compute service account. Falling back to 636533343786-compute@developer.gserviceaccount.com. Error: {"name":"FirebaseError","children":[],"context":{"body":{"error":{"code":403,"message":"Compute Engine API has not been used in project 636533343786 before or it is disabled. Enable it by visiting https://console.developers.google.com/apis/api/compute.googleapis.com/overview?project=636533343786 then retry. If you enabled this API recently, wait a few minutes for the action to propagate to our systems and retry.","errors":[{"message":"Compute Engine API has not been used in project 636533343786 before or it is disabled. Enable it by visiting https://console.developers.google.com/apis/api/compute.googleapis.com/overview?project=636533343786 then retry. If you enabled this API recently, wait a few minutes for the action to propagate to our systems and retry.","domain":"usageLimits","reason":"accessNotConfigured","extendedHelp":"https://console.developers.google.com"}],"status":"PERMISSION_DENIED","details":[{"@type":"type.googleapis.com/google.rpc.ErrorInfo","reason":"SERVICE_DISABLED","domain":"googleapis.com","metadata":{"activationUrl":"https://console.developers.google.com/apis/api/compute.googleapis.com/overview?project=636533343786","containerInfo":"636533343786","serviceTitle":"Compute Engine API","consumer":"projects/636533343786","service":"compute.googleapis.com"}},{"@type":"type.googleapis.com/google.rpc.LocalizedMessage","locale":"en-US","message":"Compute Engine API has not been used in project 636533343786 before or it is disabled. Enable it by visiting https://console.developers.google.com/apis/api/compute.googleapis.com/overview?project=636533343786 then retry. If you enabled this API recently, wait a few minutes for the action to propagate to our systems and retry."},{"@type":"type.googleapis.com/google.rpc.Help","links":[{"description":"Google developers console API activation","url":"https://console.developers.google.com/apis/api/compute.googleapis.com/overview?project=636533343786"}]}]}},"response":{"statusCode":403}},"exit":1,"message":"Request to https://compute.googleapis.com/compute/v1/projects/636533343786 had HTTP Error: 403, Compute Engine API has not been used in project 636533343786 before or it is disabled. Enable it by visiting https://console.developers.google.com/apis/api/compute.googleapis.com/overview?project=636533343786 then retry. If you enabled this API recently, wait a few minutes for the action to propagate to our systems and retry.","status":403}
[debug] [2026-01-22T17:04:12.684Z] Checked if tokens are valid: true, expires at: 1769102928865
[debug] [2026-01-22T17:04:12.684Z] Checked if tokens are valid: true, expires at: 1769102928865
[debug] [2026-01-22T17:04:12.684Z] >>> [apiv2][query] GET https://compute.googleapis.com/compute/v1/projects/636533343786 [none]
[debug] [2026-01-22T17:04:12.847Z] <<< [apiv2][status] GET https://compute.googleapis.com/compute/v1/projects/636533343786 403
[debug] [2026-01-22T17:04:12.847Z] <<< [apiv2][body] GET https://compute.googleapis.com/compute/v1/projects/636533343786 {"error":{"code":403,"message":"Compute Engine API has not been used in project 636533343786 before or it is disabled. Enable it by visiting https://console.developers.google.com/apis/api/compute.googleapis.com/overview?project=636533343786 then retry. If you enabled this API recently, wait a few minutes for the action to propagate to our systems and retry.","errors":[{"message":"Compute Engine API has not been used in project 636533343786 before or it is disabled. Enable it by visiting https://console.developers.google.com/apis/api/compute.googleapis.com/overview?project=636533343786 then retry. If you enabled this API recently, wait a few minutes for the action to propagate to our systems and retry.","domain":"usageLimits","reason":"accessNotConfigured","extendedHelp":"https://console.developers.google.com"}],"status":"PERMISSION_DENIED","details":[{"@type":"type.googleapis.com/google.rpc.ErrorInfo","reason":"SERVICE_DISABLED","domain":"googleapis.com","metadata":{"serviceTitle":"Compute Engine API","activationUrl":"https://console.developers.google.com/apis/api/compute.googleapis.com/overview?project=636533343786","consumer":"projects/636533343786","containerInfo":"636533343786","service":"compute.googleapis.com"}},{"@type":"type.googleapis.com/google.rpc.LocalizedMessage","locale":"en-US","message":"Compute Engine API has not been used in project 636533343786 before or it is disabled. Enable it by visiting https://console.developers.google.com/apis/api/compute.googleapis.com/overview?project=636533343786 then retry. If you enabled this API recently, wait a few minutes for the action to propagate to our systems and retry."},{"@type":"type.googleapis.com/google.rpc.Help","links":[{"description":"Google developers console API activation","url":"https://console.developers.google.com/apis/api/compute.googleapis.com/overview?project=636533343786"}]}]}}
[debug] [2026-01-22T17:04:12.847Z] unable to look up default compute service account. Falling back to 636533343786-compute@developer.gserviceaccount.com. Error: {"name":"FirebaseError","children":[],"context":{"body":{"error":{"code":403,"message":"Compute Engine API has not been used in project 636533343786 before or it is disabled. Enable it by visiting https://console.developers.google.com/apis/api/compute.googleapis.com/overview?project=636533343786 then retry. If you enabled this API recently, wait a few minutes for the action to propagate to our systems and retry.","errors":[{"message":"Compute Engine API has not been used in project 636533343786 before or it is disabled. Enable it by visiting https://console.developers.google.com/apis/api/compute.googleapis.com/overview?project=636533343786 then retry. If you enabled this API recently, wait a few minutes for the action to propagate to our systems and retry.","domain":"usageLimits","reason":"accessNotConfigured","extendedHelp":"https://console.developers.google.com"}],"status":"PERMISSION_DENIED","details":[{"@type":"type.googleapis.com/google.rpc.ErrorInfo","reason":"SERVICE_DISABLED","domain":"googleapis.com","metadata":{"serviceTitle":"Compute Engine API","activationUrl":"https://console.developers.google.com/apis/api/compute.googleapis.com/overview?project=636533343786","consumer":"projects/636533343786","containerInfo":"636533343786","service":"compute.googleapis.com"}},{"@type":"type.googleapis.com/google.rpc.LocalizedMessage","locale":"en-US","message":"Compute Engine API has not been used in project 636533343786 before or it is disabled. Enable it by visiting https://console.developers.google.com/apis/api/compute.googleapis.com/overview?project=636533343786 then retry. If you enabled this API recently, wait a few minutes for the action to propagate to our systems and retry."},{"@type":"type.googleapis.com/google.rpc.Help","links":[{"description":"Google developers console API activation","url":"https://console.developers.google.com/apis/api/compute.googleapis.com/overview?project=636533343786"}]}]}},"response":{"statusCode":403}},"exit":1,"message":"Request to https://compute.googleapis.com/compute/v1/projects/636533343786 had HTTP Error: 403, Compute Engine API has not been used in project 636533343786 before or it is disabled. Enable it by visiting https://console.developers.google.com/apis/api/compute.googleapis.com/overview?project=636533343786 then retry. If you enabled this API recently, wait a few minutes for the action to propagate to our systems and retry.","status":403}
[debug] [2026-01-22T17:04:12.847Z] Checked if tokens are valid: true, expires at: 1769102928865
[debug] [2026-01-22T17:04:12.848Z] Checked if tokens are valid: true, expires at: 1769102928865
[debug] [2026-01-22T17:04:12.848Z] >>> [apiv2][query] GET https://compute.googleapis.com/compute/v1/projects/636533343786 [none]
[debug] [2026-01-22T17:04:12.983Z] <<< [apiv2][status] GET https://compute.googleapis.com/compute/v1/projects/636533343786 403
[debug] [2026-01-22T17:04:12.983Z] <<< [apiv2][body] GET https://compute.googleapis.com/compute/v1/projects/636533343786 {"error":{"code":403,"message":"Compute Engine API has not been used in project 636533343786 before or it is disabled. Enable it by visiting https://console.developers.google.com/apis/api/compute.googleapis.com/overview?project=636533343786 then retry. If you enabled this API recently, wait a few minutes for the action to propagate to our systems and retry.","errors":[{"message":"Compute Engine API has not been used in project 636533343786 before or it is disabled. Enable it by visiting https://console.developers.google.com/apis/api/compute.googleapis.com/overview?project=636533343786 then retry. If you enabled this API recently, wait a few minutes for the action to propagate to our systems and retry.","domain":"usageLimits","reason":"accessNotConfigured","extendedHelp":"https://console.developers.google.com"}],"status":"PERMISSION_DENIED","details":[{"@type":"type.googleapis.com/google.rpc.ErrorInfo","reason":"SERVICE_DISABLED","domain":"googleapis.com","metadata":{"containerInfo":"636533343786","serviceTitle":"Compute Engine API","consumer":"projects/636533343786","activationUrl":"https://console.developers.google.com/apis/api/compute.googleapis.com/overview?project=636533343786","service":"compute.googleapis.com"}},{"@type":"type.googleapis.com/google.rpc.LocalizedMessage","locale":"en-US","message":"Compute Engine API has not been used in project 636533343786 before or it is disabled. Enable it by visiting https://console.developers.google.com/apis/api/compute.googleapis.com/overview?project=636533343786 then retry. If you enabled this API recently, wait a few minutes for the action to propagate to our systems and retry."},{"@type":"type.googleapis.com/google.rpc.Help","links":[{"description":"Google developers console API activation","url":"https://console.developers.google.com/apis/api/compute.googleapis.com/overview?project=636533343786"}]}]}}
[debug] [2026-01-22T17:04:12.983Z] unable to look up default compute service account. Falling back to 636533343786-compute@developer.gserviceaccount.com. Error: {"name":"FirebaseError","children":[],"context":{"body":{"error":{"code":403,"message":"Compute Engine API has not been used in project 636533343786 before or it is disabled. Enable it by visiting https://console.developers.google.com/apis/api/compute.googleapis.com/overview?project=636533343786 then retry. If you enabled this API recently, wait a few minutes for the action to propagate to our systems and retry.","errors":[{"message":"Compute Engine API has not been used in project 636533343786 before or it is disabled. Enable it by visiting https://console.developers.google.com/apis/api/compute.googleapis.com/overview?project=636533343786 then retry. If you enabled this API recently, wait a few minutes for the action to propagate to our systems and retry.","domain":"usageLimits","reason":"accessNotConfigured","extendedHelp":"https://console.developers.google.com"}],"status":"PERMISSION_DENIED","details":[{"@type":"type.googleapis.com/google.rpc.ErrorInfo","reason":"SERVICE_DISABLED","domain":"googleapis.com","metadata":{"containerInfo":"636533343786","serviceTitle":"Compute Engine API","consumer":"projects/636533343786","activationUrl":"https://console.developers.google.com/apis/api/compute.googleapis.com/overview?project=636533343786","service":"compute.googleapis.com"}},{"@type":"type.googleapis.com/google.rpc.LocalizedMessage","locale":"en-US","message":"Compute Engine API has not been used in project 636533343786 before or it is disabled. Enable it by visiting https://console.developers.google.com/apis/api/compute.googleapis.com/overview?project=636533343786 then retry. If you enabled this API recently, wait a few minutes for the action to propagate to our systems and retry."},{"@type":"type.googleapis.com/google.rpc.Help","links":[{"description":"Google developers console API activation","url":"https://console.developers.google.com/apis/api/compute.googleapis.com/overview?project=636533343786"}]}]}},"response":{"statusCode":403}},"exit":1,"message":"Request to https://compute.googleapis.com/compute/v1/projects/636533343786 had HTTP Error: 403, Compute Engine API has not been used in project 636533343786 before or it is disabled. Enable it by visiting https://console.developers.google.com/apis/api/compute.googleapis.com/overview?project=636533343786 then retry. If you enabled this API recently, wait a few minutes for the action to propagate to our systems and retry.","status":403}
[debug] [2026-01-22T17:04:12.983Z] Checked if tokens are valid: true, expires at: 1769102928865
[debug] [2026-01-22T17:04:12.983Z] Checked if tokens are valid: true, expires at: 1769102928865
[debug] [2026-01-22T17:04:12.983Z] >>> [apiv2][query] GET https://compute.googleapis.com/compute/v1/projects/636533343786 [none]
[debug] [2026-01-22T17:04:13.122Z] <<< [apiv2][status] GET https://compute.googleapis.com/compute/v1/projects/636533343786 403
[debug] [2026-01-22T17:04:13.122Z] <<< [apiv2][body] GET https://compute.googleapis.com/compute/v1/projects/636533343786 {"error":{"code":403,"message":"Compute Engine API has not been used in project 636533343786 before or it is disabled. Enable it by visiting https://console.developers.google.com/apis/api/compute.googleapis.com/overview?project=636533343786 then retry. If you enabled this API recently, wait a few minutes for the action to propagate to our systems and retry.","errors":[{"message":"Compute Engine API has not been used in project 636533343786 before or it is disabled. Enable it by visiting https://console.developers.google.com/apis/api/compute.googleapis.com/overview?project=636533343786 then retry. If you enabled this API recently, wait a few minutes for the action to propagate to our systems and retry.","domain":"usageLimits","reason":"accessNotConfigured","extendedHelp":"https://console.developers.google.com"}],"status":"PERMISSION_DENIED","details":[{"@type":"type.googleapis.com/google.rpc.ErrorInfo","reason":"SERVICE_DISABLED","domain":"googleapis.com","metadata":{"consumer":"projects/636533343786","activationUrl":"https://console.developers.google.com/apis/api/compute.googleapis.com/overview?project=636533343786","service":"compute.googleapis.com","serviceTitle":"Compute Engine API","containerInfo":"636533343786"}},{"@type":"type.googleapis.com/google.rpc.LocalizedMessage","locale":"en-US","message":"Compute Engine API has not been used in project 636533343786 before or it is disabled. Enable it by visiting https://console.developers.google.com/apis/api/compute.googleapis.com/overview?project=636533343786 then retry. If you enabled this API recently, wait a few minutes for the action to propagate to our systems and retry."},{"@type":"type.googleapis.com/google.rpc.Help","links":[{"description":"Google developers console API activation","url":"https://console.developers.google.com/apis/api/compute.googleapis.com/overview?project=636533343786"}]}]}}
[debug] [2026-01-22T17:04:13.122Z] unable to look up default compute service account. Falling back to 636533343786-compute@developer.gserviceaccount.com. Error: {"name":"FirebaseError","children":[],"context":{"body":{"error":{"code":403,"message":"Compute Engine API has not been used in project 636533343786 before or it is disabled. Enable it by visiting https://console.developers.google.com/apis/api/compute.googleapis.com/overview?project=636533343786 then retry. If you enabled this API recently, wait a few minutes for the action to propagate to our systems and retry.","errors":[{"message":"Compute Engine API has not been used in project 636533343786 before or it is disabled. Enable it by visiting https://console.developers.google.com/apis/api/compute.googleapis.com/overview?project=636533343786 then retry. If you enabled this API recently, wait a few minutes for the action to propagate to our systems and retry.","domain":"usageLimits","reason":"accessNotConfigured","extendedHelp":"https://console.developers.google.com"}],"status":"PERMISSION_DENIED","details":[{"@type":"type.googleapis.com/google.rpc.ErrorInfo","reason":"SERVICE_DISABLED","domain":"googleapis.com","metadata":{"consumer":"projects/636533343786","activationUrl":"https://console.developers.google.com/apis/api/compute.googleapis.com/overview?project=636533343786","service":"compute.googleapis.com","serviceTitle":"Compute Engine API","containerInfo":"636533343786"}},{"@type":"type.googleapis.com/google.rpc.LocalizedMessage","locale":"en-US","message":"Compute Engine API has not been used in project 636533343786 before or it is disabled. Enable it by visiting https://console.developers.google.com/apis/api/compute.googleapis.com/overview?project=636533343786 then retry. If you enabled this API recently, wait a few minutes for the action to propagate to our systems and retry."},{"@type":"type.googleapis.com/google.rpc.Help","links":[{"description":"Google developers console API activation","url":"https://console.developers.google.com/apis/api/compute.googleapis.com/overview?project=636533343786"}]}]}},"response":{"statusCode":403}},"exit":1,"message":"Request to https://compute.googleapis.com/compute/v1/projects/636533343786 had HTTP Error: 403, Compute Engine API has not been used in project 636533343786 before or it is disabled. Enable it by visiting https://console.developers.google.com/apis/api/compute.googleapis.com/overview?project=636533343786 then retry. If you enabled this API recently, wait a few minutes for the action to propagate to our systems and retry.","status":403}
[debug] [2026-01-22T17:04:13.123Z] Checked if tokens are valid: true, expires at: 1769102928865
[debug] [2026-01-22T17:04:13.123Z] Checked if tokens are valid: true, expires at: 1769102928865
[debug] [2026-01-22T17:04:13.123Z] >>> [apiv2][query] GET https://cloudbilling.googleapis.com/v1/projects/taxisabanapp-717ca/billingInfo [none]
[debug] [2026-01-22T17:04:13.648Z] <<< [apiv2][status] GET https://cloudbilling.googleapis.com/v1/projects/taxisabanapp-717ca/billingInfo 200
[debug] [2026-01-22T17:04:13.648Z] <<< [apiv2][body] GET https://cloudbilling.googleapis.com/v1/projects/taxisabanapp-717ca/billingInfo {"name":"projects/taxisabanapp-717ca/billingInfo","projectId":"taxisabanapp-717ca","billingAccountName":"billingAccounts/015B90-55178F-6288F7","billingEnabled":true}
[debug] [2026-01-22T17:04:13.649Z] Checked if tokens are valid: true, expires at: 1769102928865
[debug] [2026-01-22T17:04:13.649Z] Checked if tokens are valid: true, expires at: 1769102928865
[debug] [2026-01-22T17:04:13.649Z] >>> [apiv2][query] POST https://cloudfunctions.googleapis.com/v2/projects/taxisabanapp-717ca/locations/us-central1/functions:generateUploadUrl [none]
[debug] [2026-01-22T17:04:14.053Z] <<< [apiv2][status] POST https://cloudfunctions.googleapis.com/v2/projects/taxisabanapp-717ca/locations/us-central1/functions:generateUploadUrl 200
[debug] [2026-01-22T17:04:14.053Z] <<< [apiv2][body] POST https://cloudfunctions.googleapis.com/v2/projects/taxisabanapp-717ca/locations/us-central1/functions:generateUploadUrl {"uploadUrl":"https://storage.googleapis.com/gcf-v2-uploads-636533343786.us-central1.cloudfunctions.appspot.com/730fc9c8-9bf8-405a-b4b0-0c65c6904b71.zip?GoogleAccessId=service-636533343786@gcf-admin-robot.iam.gserviceaccount.com&Expires=1769103252&Signature=Keo3MZ7jsHqi6BuI4z9x2LgYwm9rWrym%2Bw%2FFrM6owBzw4BUzIt2jhmTWamSJeA9Aaue7HuPl0sTGjdeDe0O%2Fxrs2RO7P%2F5JT2Z1KjMHDRsOFybYWa3cvTSkUIX60nt5JxB08qa9f6nW43mo3ZvfYKE3KcJd70%2BUad3giLuGb8Mf0vEkfyFqWG4nAQPJG7mDqWMlirecqQOCGl55xPlzlsVSVOf9OS2SoPTXkrfwbvEfVtdjQpKK2QaW%2F62Iz3ooxLwtuRiEpUfi7UeQUpBZbljIDPc%2Bn%2FiWhB1uy5gk%2FJkwnBnnFXpJJrUzRpnMNJD%2BVTjkC9KRIaEAbsyzEqPfClw%3D%3D","storageSource":{"bucket":"gcf-v2-uploads-636533343786.us-central1.cloudfunctions.appspot.com","object":"730fc9c8-9bf8-405a-b4b0-0c65c6904b71.zip"}}
[debug] [2026-01-22T17:04:14.054Z] >>> [apiv2][query] PUT https://storage.googleapis.com/gcf-v2-uploads-636533343786.us-central1.cloudfunctions.appspot.com/730fc9c8-9bf8-405a-b4b0-0c65c6904b71.zip GoogleAccessId=service-636533343786%40gcf-admin-robot.iam.gserviceaccount.com&Expires=1769103252&Signature=Keo3MZ7jsHqi6BuI4z9x2LgYwm9rWrym%2Bw%2FFrM6owBzw4BUzIt2jhmTWamSJeA9Aaue7HuPl0sTGjdeDe0O%2Fxrs2RO7P%2F5JT2Z1KjMHDRsOFybYWa3cvTSkUIX60nt5JxB08qa9f6nW43mo3ZvfYKE3KcJd70%2BUad3giLuGb8Mf0vEkfyFqWG4nAQPJG7mDqWMlirecqQOCGl55xPlzlsVSVOf9OS2SoPTXkrfwbvEfVtdjQpKK2QaW%2F62Iz3ooxLwtuRiEpUfi7UeQUpBZbljIDPc%2Bn%2FiWhB1uy5gk%2FJkwnBnnFXpJJrUzRpnMNJD%2BVTjkC9KRIaEAbsyzEqPfClw%3D%3D
[debug] [2026-01-22T17:04:14.054Z] >>> [apiv2][body] PUT https://storage.googleapis.com/gcf-v2-uploads-636533343786.us-central1.cloudfunctions.appspot.com/730fc9c8-9bf8-405a-b4b0-0c65c6904b71.zip [stream]
[debug] [2026-01-22T17:04:14.669Z] <<< [apiv2][status] PUT https://storage.googleapis.com/gcf-v2-uploads-636533343786.us-central1.cloudfunctions.appspot.com/730fc9c8-9bf8-405a-b4b0-0c65c6904b71.zip 200
[debug] [2026-01-22T17:04:14.669Z] <<< [apiv2][body] PUT https://storage.googleapis.com/gcf-v2-uploads-636533343786.us-central1.cloudfunctions.appspot.com/730fc9c8-9bf8-405a-b4b0-0c65c6904b71.zip [omitted]
[info] +  functions: functions source uploaded successfully 
[info] 
The following functions are found in your project but do not exist in your local source code:
	aggregateDriverStats(us-central1)
	checkMissedReservations(us-central1)
	notifyNearbyDriversV2(us-central1)
	resetMonthlyStats(us-central1)

If you are renaming a function or changing its region, it is recommended that you create the new function first before deleting the old one to prevent event loss. For more info, visit https://firebase.google.com/docs/functions/manage-functions#modify

